Workbook
Name performance1: Performance!$A:$P

Sheet Till 16 - Oct
A1: Hiring Date | B1: Code | C1: Name | D1: Area | E1: Calendar Days | F1: Holidays | G1: Leave Days | H1: Activity Days | I1: NFA Days (Leave&Activity) | J1: Supposed Visit Days | K1: Actual Visit Days | L1: Missing Work Days | M1: Target Visits | N1: Target Visits Done | O1: Target Visits Achievement % | P1: Average Daily Visits (Actual Visit Days) | Q1: Calls per Visit | R1: Average Visit Duration | S1: Actual Visits | T1: Daily Target Visits 2025 | U1: Visits out of Target List
A3: 12-Jul-2025 | B3: 1707 | C3: AbdelMoneim Sayed AbdelMoneim Sayed Darwish | D3: Cairoeast_I - ElKobba - Elabbasia | E3: 16 | F3: 0 | G3: 0 | H3: 0 | I3: 0 | J3: 11 | K3: 10 | L3: 1 | M3: 139 | N3: 76 | O3: 0.54676259 | P3: 8.5 | Q3: 0 | R3: 3.8578431 | S3: 85 | T3: 9 | U3: 9
A4: 22-Jun-2024 | B4: 1188 | C4: Mahmoud Mohamed Abdelmahdy Abdullah | D4: Cairoeast_II | E4: 16 | F4: 0 | G4: 0 | H4: 0 | I4: 0 | J4: 11 | K4: 9 | L4: 2 | M4: 196 | N4: 76 | O4: 0.3877551 | P4: 8.8888889 | Q4: 0.875 | R4: 7.6460417 | S4: 80 | T4: 9 | U4: 4
A5: 1-Dec-2024 | B5: 1331 | C5: Yasmin Sayed AbdelLatif Mohamed Hekal | D5: Cairoeast_III | E5: 16 | F5: 0 | G5: 0 | H5: 0 | I5: 0 | J5: 11 | K5: 5 | L5: 6 | M5: 142 | N5: 50 | O5: 0.35211268 | P5: 10.2 | Q5: 1.9803922 | R5: 5.598366 | S5: 51 | T5: 8 | U5: 1
A6: 1-Jan-2024 | B6: 960 | C6: Hoda Abdel Tawab Ismail El-Dib | D6: Heliopolis_I - Heliopolis_II | E6: 16 | F6: 0 | G6: 0 | H6: 0 | I6: 0 | J6: 11 | K6: 8 | L6: 3 | M6: 166 | N6: 52 | O6: 0.31325301 | P6: 6.875 | Q6: 0 | R6: 9.0387879 | S6: 55 | T6: 8 | U6: 3
A7: 7-Sept-2024 | B7: 1268 | C7: Mariam Makram Ragheb Soliman | D7: Heliopolis_III | E7: 16 | F7: 0 | G7: 0 | H7: 0 | I7: 0 | J7: 11 | K7: 9 | L7: 2 | M7: 153 | N7: 61 | O7: 0.39869281 | P7: 6.7777778 | Q7: 0 | R7: 23.828415 | S7: 61 | T7: 7 | U7: 0
A8: 3-Mar-2021 | B8: 333 | C8: May Ibrahim Mohamed Abdel Wahab Soliman | D8: NasrCity | E8: 16 | F8: 0 | G8: 0 | H8: 0 | I8: 0 | J8: 11 | K8: 8 | L8: 3 | M8: 147 | N8: 51 | O8: 0.34693878 | P8: 6.875 | Q8: 1 | R8: 4.9654545 | S8: 55 | T8: 8 | U8: 4
A9: 1-Jan-2024 | B9: 1006 | C9: Kholoud El-Matarawy Mohamed Aly | D9: New Cairo_Rehab | E9: 16 | F9: 0 | G9: 0 | H9: 0 | I9: 0 | J9: 11 | K9: 10 | L9: 1 | M9: 154 | N9: 71 | O9: 0.46103896 | P9: 7.5 | Q9: 0 | R9: 10.142444 | S9: 75 | T9: 8 | U9: 4
A10: 10-Aug-2024 | B10: 1246 | C10: Mayar Mahmoud Mohamed AbdelHafez | D10: Ismailia - Suez/S.Sinai | E10: 16 | F10: 0 | G10: 0 | H10: 0 | I10: 0 | J10: 11 | K10: 10 | L10: 1 | M10: 179 | N10: 79 | O10: 0.44134078 | P10: 8.7777778 | Q10: 0 | R10: 15.875105 | S10: 79 | T10: 9 | U10: 0
A11: 1-Feb-2025 | B11: 1439 | C11: Peter AbdelNasser Fathy Habel | D11: Cairo 1 | E11: 16 | F11: 0 | G11: 0 | H11: 0 | I11: 0 | J11: 11 | K11: 6 | L11: 5 | M11: 1137 | N11: 440 | O11: 0.38698329 | P11: 7.9849206 | Q11: 0.55077031 | R11: 11.013516 | S11: 456
A12: 2-Apr-2022 | B12: 543 | C12: Amira Essam Ahmed Ahmed | D12: Shoubraelkhima | E12: 16 | F12: 0 | G12: 0.5 | H12: 0 | I12: 0.5 | J12: 10.5 | K12: 10 | L12: 0.5 | M12: 170 | N12: 71 | O12: 0.41764706 | P12: 7.2 | Q12: 0 | R12: 11.996759 | S12: 72 | T12: 8 | U12: 1
A13: 1-Jan-2024 | B13: 962 | C13: Nada Refaat Mohamed Ahmed | D13: CairoWest_I - CairoWest_II - CairoWest_III | E13: 16 | F13: 0 | G13: 0 | H13: 2 | I13: 2 | J13: 9 | K13: 8 | L13: 1 | M13: 154 | N13: 53 | O13: 0.34415584 | P13: 6.75 | Q13: 0 | R13: 14.345062 | S13: 54 | T13: 8 | U13: 1
A14: 17-Aug-2025 | B14: 1765 | C14: Rabab SalahElDin Ragab AbdelRahman | D14: CairoCenter - Cairosouth_I | E14: 16 | F14: 0 | G14: 0 | H14: 1 | I14: 1 | J14: 10 | K14: 10 | L14: 0 | M14: 119 | N14: 47 | O14: 0.39495798 | P14: 5.1 | Q14: 0 | R14: 11.113072 | S14: 51 | T14: 6 | U14: 4
A15: 5-Apr-2025 | B15: 1583 | C15: Nada Anwar Ahmed Mousa | D15: CairoSouth_II - CairoSouth_III | E15: 16 | F15: 0 | G15: 0 | H15: 1 | I15: 1 | J15: 10 | K15: 8 | L15: 2 | M15: 208 | N15: 76 | O15: 0.36538462 | P15: 9.875 | Q15: 0 | R15: 8.471519 | S15: 79 | T15: 8 | U15: 3
A16: 29-Aug-2020 | B16: 230 | C16: Nourhan Ashraf Mostafa Hassan | D16: Maadi | E16: 16 | F16: 0 | G16: 5 | H16: 0 | I16: 5 | J16: 6 | K16: 6 | L16: 0 | M16: 108 | N16: 28 | O16: 0.25925926 | P16: 4.8333333 | Q16: 0 | R16: 13.960345 | S16: 29 | T16: 5 | U16: 1
A17: 1-Jan-2024 | B17: 964 | C17: Amira Ateya Fawzy Ateya | D17: Helwan | E17: 16 | F17: 0 | G17: 0 | H17: 1 | I17: 1 | J17: 10 | K17: 10 | L17: 0 | M17: 166 | N17: 79 | O17: 0.47590361 | P17: 8 | Q17: 1.825 | R17: 8.72875 | S17: 80 | T17: 8 | U17: 1
A18: 1-Jan-2024 | B18: 967 | C18: Ahmed Mostafa Hamza Mohamed | D18: Kalubeia_I - Kalubeia_II | E18: 16 | F18: 0 | G18: 0 | H18: 1 | I18: 1 | J18: 10 | K18: 8 | L18: 2 | M18: 135 | N18: 72 | O18: 0.53333333 | P18: 9 | Q18: 0 | R18: 15.946065 | S18: 72 | T18: 8 | U18: 0
A19: 17-Oct-2020 | B19: 240 | C19: Mohamed AbdelAziz Mohamed Abdel Latif El-Tahlawy | D19: Cairo 2 | E19: 16 | F19: 0 | G19: 0 | H19: 0 | I19: 0 | J19: 11 | K19: 6 | L19: 5 | M19: 787 | N19: 326 | O19: 0.41423126 | P19: 7.7816667 | Q19: 0.365 | R19: 11.820688 | S19: 332 | T19: 0
A20: 10-Aug-2024 | B20: 1248 | C20: Mariam AbdelRahman Abdel Samie Abdel Wadod | D20: Sharkia_I | E20: 16 | F20: 0 | G20: 1 | H20: 0 | I20: 1 | J20: 10 | K20: 9 | L20: 1 | M20: 189 | N20: 79 | O20: 0.41798942 | P20: 8.8888889 | Q20: 1.675 | R20: 20.086042 | S20: 80 | T20: 9 | U20: 1
A21: 5-Jul-2025 | B21: 1701 | C21: Rania Mohsen Ahmed Mohamed | D21: Sharkia_II | E21: 16 | F21: 0 | G21: 0 | H21: 0 | I21: 0 | J21: 11 | K21: 9 | L21: 2 | M21: 192 | N21: 82 | O21: 0.42708333 | P21: 9.3333333 | Q21: 0.035714286 | R21: 14.421429 | S21: 84 | T21: 10 | U21: 2
A22: 4-Feb-2024 | B22: 1061 | C22: Hoda Aly Mostafa Ahmed Mohamed | D22: Sharkia_III | E22: 16 | F22: 0 | G22: 6 | H22: 0 | I22: 6 | J22: 5 | K22: 5 | L22: 0 | M22: 207 | N22: 50 | O22: 0.24154589 | P22: 10 | Q22: 1.84 | R22: 16.872667 | S22: 50 | T22: 10 | U22: 0
A23: 1-Jan-2024 | B23: 1047 | C23: Alaa Aly Aly Abu El-Enein | D23: Dakahleia_I - Dakahleia_IV | E23: 16 | F23: 0 | G23: 1 | H23: 0 | I23: 1 | J23: 10 | K23: 8 | L23: 2 | M23: 168 | N23: 72 | O23: 0.42857143 | P23: 9 | Q23: 0 | R23: 18.15625 | S23: 72 | T23: 8 | U23: 0
A24: 14-Mar-2024 | B24: 1117 | C24: Reem Hassan Tolba Ibrahim | D24: Dakahleia_II | E24: 16 | F24: 0 | G24: 0 | H24: 0 | I24: 0 | J24: 11 | K24: 10 | L24: 1 | M24: 175 | N24: 71 | O24: 0.40571429 | P24: 7.4 | Q24: 1.472973 | R24: 24.176802 | S24: 74 | T24: 9 | U24: 3
A25: 27-Feb-2021 | B25: 311 | C25: Ghada Samir Mohamed Mohamed | D25: Dakahleia_III | E25: 16 | F25: 0 | G25: 1 | H25: 0 | I25: 1 | J25: 10 | K25: 9 | L25: 1 | M25: 212 | N25: 76 | O25: 0.35849057 | P25: 8.4444444 | Q25: 0 | R25: 12.364035 | S25: 76 | T25: 10 | U25: 0
A26: 18-Jul-2020 | B26: 194 | C26: Menna Allah Hassouna Abbas Hassouna | D26: Domiat | E26: 16 | F26: 0 | G26: 0.5 | H26: 0 | I26: 0.5 | J26: 10.5 | K26: 10 | L26: 0.5 | M26: 183 | N26: 77 | O26: 0.42076503 | P26: 8.5555556 | Q26: 0 | R26: 21.511688 | S26: 77 | T26: 10 | U26: 0
A27: 1-Jan-2024 | B27: 998 | C27: Shereen Tarek Gouda El-Sayed | D27: PortSaid/N.Sinai | E27: 16 | F27: 0 | G27: 5 | H27: 0 | I27: 5 | J27: 6 | K27: 5 | L27: 1 | M27: 189 | N27: 38 | O27: 0.2010582 | P27: 8.2 | Q27: 0 | R27: 10.445122 | S27: 41 | T27: 9 | U27: 3
A28: 1-Jan-2024 | B28: 973 | C28: Mina Magdy Zekry Metry | D28: Delta 1 | E28: 16 | F28: 0 | G28: 0 | H28: 0 | I28: 0 | J28: 11 | K28: 6 | L28: 5 | M28: 1323 | N28: 463 | O28: 0.34996221 | P28: 8.6412698 | Q28: 0.71256757 | R28: 17.658944 | S28: 470 | T28: 0
A29: 1-Jan-2024 | B29: 1008 | C29: Hagar Abdel Aziz Ahmed Qamh | D29: Menofeya_I - Menofeya_II | E29: 16 | F29: 0 | G29: 0 | H29: 0 | I29: 0 | J29: 11 | K29: 11 | L29: 0 | M29: 177 | N29: 72 | O29: 0.40677966 | P29: 6.8181818 | Q29: 1.9066667 | R29: 21.782667 | S29: 75 | T29: 8 | U29: 3
A30: 1-Jan-2024 | B30: 999 | C30: Mohamed Sobhy Afifi Mazied | D30: Menofeya_III | E30: 16 | F30: 0 | G30: 0 | H30: 0 | I30: 0 | J30: 11 | K30: 11 | L30: 0 | M30: 155 | N30: 80 | O30: 0.51612903 | P30: 7.7272727 | Q30: 1.8352941 | R30: 4.7570588 | S30: 85 | T30: 10 | U30: 5
A31: 21-May-2022 | B31: 576 | C31: Mohamed El-Sayed Mostafa Gaber | D31: Gharbia_I | E31: 16 | F31: 0 | G31: 0 | H31: 0 | I31: 0 | J31: 11 | K31: 10 | L31: 1 | M31: 156 | N31: 71 | O31: 0.45512821 | P31: 7.1 | Q31: 0 | R31: 3.8826291 | S31: 71 | T31: 8 | U31: 0
A32: 1-Jan-2024 | B32: 1002 | C32: Omar Mohamed Abdel Hamid Megahed El-Samahy | D32: Gharbia_II | E32: 16 | F32: 0 | G32: 0 | H32: 0 | I32: 0 | J32: 11 | K32: 9 | L32: 2 | M32: 179 | N32: 62 | O32: 0.34636872 | P32: 7.4444444 | Q32: 1.7014925 | R32: 27.318657 | S32: 67 | T32: 9 | U32: 5
A33: 31-Jul-2025 | B33: 1721 | C33: kyrilles AbdElmalek Gorgy AbdElmalek Boghdady | D33: Gharbia_III | E33: 16 | F33: 0 | G33: 0 | H33: 0 | I33: 0 | J33: 11 | K33: 11 | L33: 0 | M33: 168 | N33: 85 | O33: 0.50595238 | P33: 7.7272727 | Q33: 0 | R33: 3.0952941 | S33: 85 | T33: 8 | U33: 0
A34: 1-Jan-2024 | B34: 1003 | C34: Reham Ateya Mohamed Ibrahim Nasr | D34: Kafrelsheikh_I | E34: 16 | F34: 0 | G34: 0 | H34: 0 | I34: 0 | J34: 11 | K34: 9 | L34: 2 | M34: 157 | N34: 70 | O34: 0.44585987 | P34: 8.5555556 | Q34: 0 | R34: 7.2751082 | S34: 77 | T34: 9 | U34: 7
A35: 2-Nov-2023 | B35: 940 | C35: Mohamed Mohamed Mohamed Hassan Salah | D35: Kafrelsheikh_II | E35: 16 | F35: 0 | G35: 0 | H35: 0 | I35: 0 | J35: 11 | K35: 10 | L35: 1 | M35: 218 | N35: 79 | O35: 0.36238532 | P35: 8.3 | Q35: 0 | R35: 13.613655 | S35: 83 | T35: 10 | U35: 4
A36: 1-Jan-2024 | B36: 981 | C36: Ola Aly Abdel Fatah El-Rayis | D36: Delta 2 | E36: 16 | F36: 0 | G36: 0 | H36: 0 | I36: 0 | J36: 11 | K36: 2 | L36: 9 | M36: 1042 | N36: 434 | O36: 0.41650672 | P36: 7.6575758 | Q36: 0.90724222 | R36: 13.104962 | S36: 458 | T36: 0
A37: 1-Dec-2024 | B37: 1334 | C37: Mirrete Refaat GabAllah AttaAllah Abdo | D37: Alexeast_I - Alexeast_II | E37: 16 | F37: 0 | G37: 0 | H37: 0.5 | I37: 0.5 | J37: 10.5 | K37: 10 | L37: 0.5 | M37: 149 | N37: 84 | O37: 0.56375839 | P37: 8.5 | Q37: 1.0941176 | R37: 15.027059 | S37: 85 | T37: 8 | U37: 1
A38: 12-Apr-2025 | B38: 1587 | C38: Rana Mohamed Gaber AbdelHamid | D38: Alexeast_III | E38: 16 | F38: 0 | G38: 0 | H38: 0 | I38: 0 | J38: 11 | K38: 10 | L38: 1 | M38: 159 | N38: 69 | O38: 0.43396226 | P38: 6.9 | Q38: 0.94202899 | R38: 14.483816 | S38: 69 | T38: 7 | U38: 0
A39: 1-Jan-2024 | B39: 971 | C39: Israa Samir Gaber Mohamed Ateya | D39: Alexcenter_I / Alex_west_I | E39: 16 | F39: 0 | G39: 0 | H39: 0 | I39: 0 | J39: 11 | K39: 10 | L39: 1 | M39: 131 | N39: 65 | O39: 0.49618321 | P39: 6.5 | Q39: 0.030769231 | R39: 39.598205 | S39: 65 | T39: 7 | U39: 0
A40: 16-Aug-2025 | B40: 1757 | C40: Ingy Mahmoud Mohamed Ahmed ElSheikh | D40: Alexcenter_II | E40: 16 | F40: 0 | G40: 0 | H40: 0.5 | I40: 0.5 | J40: 10.5 | K40: 11 | L40: 0 | M40: 159 | N40: 78 | O40: 0.49056604 | P40: 7.0909091 | Q40: 1.7051282 | R40: 16.131624 | S40: 78 | T40: 7 | U40: 0
A41: 1-Jan-2024 | B41: 1000 | C41: kyrilles Ateya Milad Ateya Gayed | D41: Alex_west II/Matrouh | E41: 16 | F41: 0 | G41: 3 | H41: 1 | I41: 4 | J41: 7 | K41: 7 | L41: 0 | M41: 140 | N41: 69 | O41: 0.49285714 | P41: 10.142857 | Q41: 0 | R41: 4.6279343 | S41: 71 | T41: 9 | U41: 2
A42: 1-Jan-2024 | B42: 970 | C42: Marwa Mohamed Hussien Abdel Karim | D42: Behera_I | E42: 16 | F42: 0 | G42: 0 | H42: 0.5 | I42: 0.5 | J42: 10.5 | K42: 11 | L42: 0 | M42: 165 | N42: 89 | O42: 0.53939394 | P42: 8.0909091 | Q42: 0 | R42: 24.9103 | S42: 89 | T42: 8 | U42: 0
A43: 20-May-2023 | B43: 788 | C43: Monica Ibrahim Guirgis Youssef | D43: Behera_II | E43: 16 | F43: 0 | G43: 0 | H43: 0.5 | I43: 0.5 | J43: 10.5 | K43: 11 | L43: 0 | M43: 178 | N43: 80 | O43: 0.4494382 | P43: 7.2727273 | Q43: 0.1 | R43: 11.298333 | S43: 80 | T43: 8 | U43: 0
A44: 18-Jul-2020 | B44: 186 | C44: Ihab Saied Gaber Mohamed | D44: Behera_III | E44: 16 | F44: 0 | G44: 0 | H44: 0.5 | I44: 0.5 | J44: 10.5 | K44: 11 | L44: 0 | M44: 192 | N44: 103 | O44: 0.53645833 | P44: 9.3636364 | Q44: 1.7669903 | R44: 9.8828479 | S44: 103 | T44: 9 | U44: 0
A45: 18-Jul-2020 | B45: 188 | C45: Karim Mohamed Nagib Mohamed El-Demerdash | D45: Alex&Behira | E45: 16 | F45: 0 | G45: 0 | H45: 0 | I45: 0 | J45: 11 | K45: 6 | L45: 5 | M45: 1114 | N45: 559 | O45: 0.50179533 | P45: 8.1100186 | Q45: 0.56198659 | R45: 17.118357 | S45: 562 | T45: 0
A46: 1-Mar-2024 | B46: 1069 | C46: Amira Mohamed Abdel Azim Basiouny | D46: Imbaba_I - Imbaba_II | E46: 16 | F46: 0 | G46: 0 | H46: 0 | I46: 0 | J46: 11 | K46: 2 | L46: 9 | M46: 151 | N46: 19 | O46: 0.12582781 | P46: 9.5 | Q46: 0 | R46: 12.934211 | S46: 19 | T46: 8 | U46: 0
A47: 27-May-2023 | B47: 789 | C47: Kyrilles Latif Masoud Yassa | D47: Guiza_I - Guiza_II | E47: 16 | F47: 0 | G47: 1 | H47: 0 | I47: 1 | J47: 10 | K47: 9 | L47: 1 | M47: 154 | N47: 68 | O47: 0.44155844 | P47: 7.7777778 | Q47: 1.7714286 | R47: 13.960952 | S47: 70 | T47: 8 | U47: 2
A48: 1-Jun-2024 | B48: 1187 | C48: Jacklyn Mamdouh Aziz Loka | D48: Guiza_III | E48: 16 | F48: 0 | G48: 0 | H48: 0 | I48: 0 | J48: 11 | K48: 9 | L48: 2 | M48: 121 | N48: 44 | O48: 0.36363636 | P48: 4.8888889 | Q48: 0 | R48: 40.188258 | S48: 44 | T48: 6 | U48: 0
A49: 2-Mar-2024 | B49: 1114 | C49: Mostafa Khaled Mohamed Mohamed | D49: Guiza_V - Guiza_IV | E49: 16 | F49: 0 | G49: 2 | H49: 0 | I49: 2 | J49: 9 | K49: 8 | L49: 1 | M49: 152 | N49: 68 | O49: 0.44736842 | P49: 8.875 | Q49: 0 | R49: 9.8882629 | S49: 71 | T49: 8 | U49: 3
A50: 0 | B50: 0 | C50: Vacant_Faisal - Haram | D50: Faisal - Haram | E50: 0 | F50: 0 | G50: 0 | H50: 0 | I50: 0 | J50: 0 | K50: 0 | L50: 0 | M50: 0 | N50: 0 | O50: 0 | P50: 0 | Q50: 0 | R50: 0 | S50: 0 | T50: 0 | U50: 0
A51: 8-Jan-2020 | B51: 221 | C51: Walaa Abdullah AbdelSadek Abdel Galil | D51: October_ElSheikhZaied | E51: 16 | F51: 0 | G51: 1 | H51: 0 | I51: 1 | J51: 10 | K51: 8 | L51: 2 | M51: 128 | N51: 51 | O51: 0.3984375 | P51: 6.5 | Q51: 0 | R51: 3.5144231 | S51: 52 | T51: 7 | U51: 1
A52: 18-Jul-2020 | B52: 187 | C52: Sandy Nabil Faiq Bashy | D52: Fayoum | E52: 16 | F52: 0 | G52: 0 | H52: 0 | I52: 0 | J52: 11 | K52: 10 | L52: 1 | M52: 158 | N52: 90 | O52: 0.56962025 | P52: 9 | Q52: 0 | R52: 12.025556 | S52: 90 | T52: 9 | U52: 0
A53: 18-Jul-2020 | B53: 185 | C53: Lamis Sayed Mohamed Ahmed | D53: Banisuif | E53: 16 | F53: 0 | G53: 3 | H53: 1 | I53: 4 | J53: 7 | K53: 6 | L53: 1 | M53: 182 | N53: 49 | O53: 0.26923077 | P53: 8.1666667 | Q53: 0 | R53: 11.770748 | S53: 49 | T53: 9 | U53: 0
A54: 4-Aug-2020 | B54: 220 | C54: Zeinab AbdelHamid Mohamed Aly | D54: Giza | E54: 16 | F54: 0 | G54: 0 | H54: 0 | I54: 0 | J54: 11 | K54: 7 | L54: 4 | M54: 1046 | N54: 389 | O54: 0.37189293 | P54: 7.8154762 | Q54: 0.25306122 | R54: 14.897487 | S54: 395 | T54: 0
A55: 1-Jan-2024 | B55: 978 | C55: Nehal Mostafa Zaky El-Sayed | D55: Elmenya_I | E55: 16 | F55: 0 | G55: 0 | H55: 0.5 | I55: 0.5 | J55: 10.5 | K55: 11 | L55: 0 | M55: 186 | N55: 96 | O55: 0.51612903 | P55: 8.7272727 | Q55: 0 | R55: 8.9755208 | S55: 96 | T55: 9 | U55: 0
A56: 3-Aug-2025 | B56: 1754 | C56: Manar Ehab Abbas Emam | D56: Elmenya_II | E56: 16 | F56: 0 | G56: 0 | H56: 0.5 | I56: 0.5 | J56: 10.5 | K56: 12 | L56: 0 | M56: 181 | N56: 97 | O56: 0.5359116 | P56: 8.0833333 | Q56: 1.3092784 | R56: 8.0554983 | S56: 97 | T56: 9 | U56: 0
A57: 1-Dec-2024 | B57: 1322 | C57: Evodia Ayman AttaAllah Henry | D57: Assiut_INewValley | E57: 16 | F57: 0 | G57: 0 | H57: 2 | I57: 2 | J57: 9 | K57: 9 | L57: 0 | M57: 133 | N57: 76 | O57: 0.57142857 | P57: 8.4444444 | Q57: 0.13157895 | R57: 15.042544 | S57: 76 | T57: 9 | U57: 0
A58: 5-Aug-2023 | B58: 866 | C58: Martha Refaat Agban Fakher | D58: Assiut_II | E58: 16 | F58: 0 | G58: 1 | H58: 2 | I58: 3 | J58: 8 | K58: 8 | L58: 0 | M58: 162 | N58: 73 | O58: 0.45061728 | P58: 9.125 | Q58: 1.739726 | R58: 15.600228 | S58: 73 | T58: 9 | U58: 0
A59: 16-Aug-2025 | B59: 1764 | C59: Katreen Safwat Shoukry AbdelShahid | D59: Sohag_I | E59: 16 | F59: 0 | G59: 0 | H59: 1 | I59: 1 | J59: 10 | K59: 11 | L59: 0 | M59: 189 | N59: 91 | O59: 0.48148148 | P59: 8.5454545 | Q59: 0 | R59: 17.035284 | S59: 94 | T59: 9 | U59: 3
A60: 4-Aug-2020 | B60: 210 | C60: Youstina Samy Eissa Bekhit | D60: Sohag_II | E60: 16 | F60: 0 | G60: 3 | H60: 2.5 | I60: 5.5 | J60: 5.5 | K60: 7 | L60: 0 | M60: 189 | N60: 63 | O60: 0.33333333 | P60: 9 | Q60: 0 | R60: 37.885979 | S60: 63 | T60: 9 | U60: 0
A61: 1-Jan-2024 | B61: 974 | C61: Ereen Maher Botros Abdullah | D61: Quena_I/Redsea | E61: 16 | F61: 0 | G61: 1 | H61: 1 | I61: 2 | J61: 9 | K61: 10 | L61: 0 | M61: 176 | N61: 84 | O61: 0.47727273 | P61: 8.5 | Q61: 0 | R61: 35.181765 | S61: 85 | T61: 9 | U61: 1
A62: 4-Sept-2021 | B62: 406 | C62: John Baskhroon Helmy Hanna | D62: Quena_II | E62: 16 | F62: 0 | G62: 1 | H62: 2.5 | I62: 3.5 | J62: 7.5 | K62: 9 | L62: 0 | M62: 175 | N62: 82 | O62: 0.46857143 | P62: 9.1111111 | Q62: 0.40243902 | R62: 11.113821 | S62: 82 | T62: 9 | U62: 0
A63: 1-Jan-2024 | B63: 975 | C63: Amany Youssef Ismail Aly | D63: Aswan | E63: 16 | F63: 0 | G63: 0 | H63: 1 | I63: 1 | J63: 10 | K63: 11 | L63: 0 | M63: 195 | N63: 92 | O63: 0.47179487 | P63: 8.3636364 | Q63: 1.7934783 | R63: 26.900362 | S63: 92 | T63: 9 | U63: 0
A64: 1-Jan-2024 | B64: 979 | C64: John Anis Zaky Bekhit | D64: Upper Egypt | E64: 16 | F64: 0 | G64: 0 | H64: 0 | I64: 0 | J64: 11 | K64: 5 | L64: 6 | M64: 1216 | N64: 566 | O64: 0.46546053 | P64: 8.7530664 | Q64: 0.58103175 | R64: 21.528603 | S64: 567 | T64: 0
A65: 25-Jul-2020 | B65: 199 | C65: Mahmoud Abdel Aziz El-Sayed Mohamed | D65: National Sales Manager | E65: 16 | F65: 0 | G65: 0 | H65: 0 | I65: 0 | J65: 11 | K65: 2 | L65: 9 | M65: 7665 | N65: 3177 | O65: 0.41448141 | P65: 8.1062849 | Q65: 0.56166567 | R65: 15.30608 | S65: 3240 | T65: 0

Sheet 2-2026
A1: Line | B1: Hiring Date | C1: Code | D1: Name | E1: Area | F1: Calendar Days | G1: Holidays | H1: Leave Days | I1: Activity Days | J1: NFA Days (Leave&Activity) | K1: Supposed Visit Days | L1: All Visit Days | M1: Missing Work Days | N1: Target Visits | O1: Target Visits Done | P1: Target Visits Achievement % | Q1: Average Daily Visits (Actual Visit Days) | R1: Calls per Visit | S1: Average Visit Duration | T1: Actual Visits | U1: Daily Target Visits 2025 | V1: Visits out of Target List
A3: Diab III | B3: 12-Jul-2025 | C3: 1707 | D3: AbdelMoneim Sayed AbdelMoneim Sayed Darwish | E3: DIAB-III ABBASEIA-KOBBAH | F3: 28 | G3: 0 | H3: 1 | I3: 2 | J3: 3 | K3: 17 | L3: 18 | M3: 0 | N3: 173 | O3: 169 | P3: 0.97687861 | Q3: 9.9411765 | R3: 0 | S3: 3.462426 | T3: 169 | V3: 0
A4: Diab III | B4: 22-Jun-2024 | C4: 1188 | D4: Mahmoud Mohamed Abdelmahdy Abdullah | E4: DIAB-III CAIRO EAST | F4: 28 | G4: 0 | H4: 3 | I4: 1.5 | J4: 4.5 | K4: 15.5 | L4: 16 | M4: 0 | N4: 176 | O4: 155 | P4: 0.88068182 | Q4: 10.387097 | R4: 0.01242236 | S4: 18.500725 | T4: 161 | V4: 6
A5: Diab III | B5: 1-Dec-2024 | C5: 1331 | D5: Yasmin Sayed AbdelLatif Mohamed Hekal | E5: DIAB-III AIN SHAMS | F5: 28 | G5: 0 | H5: 1 | I5: 1.5 | J5: 2.5 | K5: 17.5 | L5: 18 | M5: 0 | N5: 161 | O5: 158 | P5: 0.98136646 | Q5: 9.0285714 | R5: 1.9050633 | S5: 3.8904008 | T5: 158 | V5: 0
A6: Diab III | B6: 46025 | C6: 2008 | D6: Guirgis Samir Azmy Iskandar | E6: DIAB-III HELIOPOLIS-A | F6: 28 | G6: 0 | H6: 3 | I6: 1 | J6: 4 | K6: 16 | L6: 16 | M6: 0 | N6: 197 | O6: 123 | P6: 0.62436548 | Q6: 8.375 | R6: 0 | S6: 3.6572139 | T6: 134 | V6: 11
A7: Diab III | B7: 7-Sept-2024 | C7: 1268 | D7: Mariam Makram Ragheb Soliman | E7: DIAB-III HELIOPOLIS-B | F7: 28 | G7: 0 | H7: 2 | I7: 2 | J7: 4 | K7: 16 | L7: 17 | M7: 0 | N7: 191 | O7: 154 | P7: 0.80628272 | Q7: 9.625 | R7: 0 | S7: 7.3560606 | T7: 154 | V7: 0
A8: Diab III | D8: Vacant_NasrCity | E8: DIAB-III NASR CITY | F8: 0 | G8: 0 | H8: 0 | I8: 0 | J8: 0 | K8: 0 | L8: 0 | M8: 0 | N8: 0 | O8: 0 | P8: 0 | Q8: 0 | R8: 0 | S8: 0 | T8: 0 | V8: 0
A9: Diab III | B9: 1-Jan-2024 | C9: 1006 | D9: Kholoud El-Matarawy Mohamed Aly | E9: DIAB-III NEW CAIRO | F9: 28 | G9: 0 | H9: 2 | I9: 1 | J9: 3 | K9: 17 | L9: 17 | M9: 0 | N9: 177 | O9: 151 | P9: 0.85310734 | Q9: 9.0588235 | R9: 0 | S9: 13.199784 | T9: 154 | V9: 3
A10: Diab III | B10: 46032 | C10: 2007 | D10: Rania Helmy Lotfy Mohamed ElAsour | E10: DIAB-III ISMAILIA-SUIZ | F10: 28 | G10: 0 | H10: 2 | I10: 2 | J10: 4 | K10: 16 | L10: 10 | M10: 6 | N10: 214 | O10: 66 | P10: 0.30841121 | Q10: 4.125 | R10: 0 | S10: 3.3406566 | T10: 66 | V10: 0
A11: Diab III | B11: 1-Feb-2025 | C11: 1439 | D11: Peter AbdelNasser Fathy Habel | E11: DIAB-III DM CAIRO B | F11: 28 | G11: 0 | H11: 0 | I11: 0 | J11: 0 | K11: 20 | L11: 15 | M11: 5 | N11: 878 | O11: 787 | P11: 0.89635535 | Q11: 9.6081336 | R11: 0.38349713 | S11: 9.2818791 | T11: 36
A12: Diab III | D12: Vacant_Shoubraelkhemah | E12: DIAB-III SHOBRA EL KHEMAH | F12: 0 | G12: 0 | H12: 0 | I12: 0 | J12: 0 | K12: 0 | L12: 0 | M12: 0 | N12: 0 | O12: 0 | P12: 0 | Q12: 0 | R12: 0 | S12: 0 | T12: 0 | V12: 0
A13: Diab III | B13: 2-Nov-2025 | C13: 1839 | D13: Eman Hamdy Shahat Esmail | E13: DIAB-III CAIRO WEST | F13: 28 | G13: 0 | H13: 0 | I13: 1 | J13: 1 | K13: 19 | L13: 17 | M13: 2 | N13: 182 | O13: 144 | P13: 0.79120879 | Q13: 7.5789474 | R13: 0 | S13: 25.447106 | T13: 144 | V13: 0
A14: Diab III | B14: 46023 | C14: 2018 | D14: Mohamed Mostafa Mohamed Mahmoud Azzam | E14: DIAB-III CAIRO CENTER | F14: 28 | G14: 0 | H14: 1 | I14: 1.5 | J14: 2.5 | K14: 17.5 | L14: 16 | M14: 1.5 | N14: 158 | O14: 120 | P14: 0.75949367 | Q14: 6.8571429 | R14: 0 | S14: 12.007778 | T14: 120 | V14: 0
A15: Diab III | B15: 46032 | C15: 2074 | D15: Asmaa ElBel Zanaty Hussein Aly | E15: DIAB-III CAIRO SOUTH | F15: 28 | G15: 0 | H15: 0 | I15: 1 | J15: 1 | K15: 19 | L15: 17 | M15: 2 | N15: 253 | O15: 131 | P15: 0.51778656 | Q15: 6.8947368 | R15: 0 | S15: 16.027099 | T15: 131 | V15: 0
A16: Diab III | B16: 29-Aug-2020 | C16: 230 | D16: Nourhan Ashraf Mostafa Hassan | E16: DIAB-III MAADI | F16: 28 | G16: 0 | H16: 0 | I16: 0 | J16: 0 | K16: 20 | L16: 0 | M16: 20 | N16: 147 | O16: 0 | P16: 0 | Q16: 0 | R16: 0 | S16: 0 | T16: 0 | V16: 0
A17: Diab III | B17: 1-Jan-2024 | C17: 964 | D17: Fatma Fawzy Mohamed Mahmoud | E17: DIAB-III HELWAN | F17: 28 | G17: 0 | H17: 1 | I17: 1 | J17: 2 | K17: 18 | L17: 15 | M17: 3 | N17: 189 | O17: 127 | P17: 0.67195767 | Q17: 7.0555556 | R17: 0.015748031 | S17: 15.453018 | T17: 127 | V17: 0
A18: Diab III | B18: 46033 | C18: 2075 | D18: Maha Magdy AbdelSalam Mahmoud Farag | E18: DIAB-III QALUBIA-A | F18: 28 | G18: 0 | H18: 0 | I18: 1 | J18: 1 | K18: 19 | L18: 16 | M18: 3 | N18: 197 | O18: 163 | P18: 0.82741117 | Q18: 8.6315789 | R18: 0.32317073 | S18: 7.328252 | T18: 164 | V18: 1
A19: Diab III | B19: 46023 | C19: 2019 | D19: Mahmoud Lotfy Saied AbdelFatah | E19: DIAB-III QALUBIA-B | F19: 28 | G19: 0 | H19: 0 | I19: 0.5 | J19: 0.5 | K19: 19.5 | L19: 14 | M19: 5.5 | N19: 194 | O19: 146 | P19: 0.75257732 | Q19: 7.5384615 | R19: 0.97278912 | S19: 4.8744898 | T19: 147 | V19: 1
A20: Diab III | B20: 46023 | C20: 1902 | D20: Ahmed Adel Hosny Hassan | E20: DIAB-III DM CAIRO A | F20: 28 | G20: 0 | H20: 0 | I20: 0 | J20: 0 | K20: 20 | L20: 13 | M20: 7 | N20: 518 | O20: 271 | P20: 0.52316602 | Q20: 4.8781676 | R20: 0.0052493438 | S20: 13.633375 | T20: 271
A21: Diab III | B21: 10-Aug-2024 | C21: 1248 | D21: Mariam AbdelRahman Abdel Samie Abdel Wadod | E21: DIAB-III SHARKIA-A | F21: 28 | G21: 0 | H21: 0 | I21: 0 | J21: 0 | K21: 20 | L21: 17 | M21: 3 | N21: 216 | O21: 163 | P21: 0.75462963 | Q21: 8.15 | R21: 1.4969325 | S21: 20.248466 | T21: 163 | V21: 0
A22: Diab III | B22: 46023 | C22: 2020 | D22: Youssef AbdelBaset Esmail Ahmed Ammar Badran | E22: DIAB-III SHARKIA-B | F22: 28 | G22: 0 | H22: 0 | I22: 0 | J22: 0 | K22: 20 | L22: 18 | M22: 2 | N22: 215 | O22: 148 | P22: 0.68837209 | Q22: 7.8 | R22: 1.2692308 | S22: 17.218056 | T22: 156 | V22: 8
A23: Diab III | B23: 46032 | C23: 2039 | D23: Anas Mohamed ElSayed Ibrahim Salem | E23: DIAB-III SHARKIA-C | F23: 28 | G23: 0 | H23: 0 | I23: 0 | J23: 0 | K23: 20 | L23: 14 | M23: 6 | N23: 187 | O23: 110 | P23: 0.58823529 | Q23: 6.55 | R23: 1.9160305 | S23: 5.3447837 | T23: 131 | V23: 21
A24: Diab III | B24: 1-Jan-2024 | C24: 1047 | D24: Alaa Aly Aly Abu El-Enein | E24: DIAB-III DAKAHLIA-A | F24: 28 | G24: 0 | H24: 0 | I24: 0 | J24: 0 | K24: 20 | L24: 18 | M24: 2 | N24: 184 | O24: 157 | P24: 0.85326087 | Q24: 7.9 | R24: 0 | S24: 15.115084 | T24: 158 | V24: 1
A25: Diab III | B25: 14-Mar-2024 | C25: 1117 | D25: Reem Hassan Tolba Ibrahim | E25: DIAB-III DAKAHLIA-B | F25: 28 | G25: 0 | H25: 0 | I25: 0 | J25: 0 | K25: 20 | L25: 16 | M25: 4 | N25: 147 | O25: 123 | P25: 0.83673469 | Q25: 6.15 | R25: 1.8211382 | S25: 25.008401 | T25: 123 | V25: 0
A26: Diab III | B26: 46023 | C26: 2021 | D26: Donia Mahmoud Mohamed Ahmed Mowafy | E26: DIAB-III DAKAHLIA-C | F26: 28 | G26: 0 | H26: 0 | I26: 0 | J26: 0 | K26: 20 | L26: 18 | M26: 2 | N26: 156 | O26: 169 | P26: 1.0833333 | Q26: 8.45 | R26: 1.7692308 | S26: 5.2704142 | T26: 169 | V26: 0
A27: Diab III | B27: 18-Jul-2020 | C27: 194 | D27: Menna Allah Hassouna Abbas Hassouna | E27: DIAB-III DOMIAT | F27: 28 | G27: 0 | H27: 0 | I27: 0 | J27: 0 | K27: 20 | L27: 17 | M27: 3 | N27: 232 | O27: 163 | P27: 0.70258621 | Q27: 8.15 | R27: 0 | S27: 28.184969 | T27: 163 | V27: 0
A28: Diab III | B28: 1-Jan-2024 | C28: 998 | D28: Shereen Tarek Gouda El-Sayed | E28: DIAB-III P. SAID-N. SINAI | F28: 28 | G28: 0 | H28: 0 | I28: 0 | J28: 0 | K28: 20 | L28: 17 | M28: 3 | N28: 212 | O28: 148 | P28: 0.69811321 | Q28: 7.5 | R28: 0 | S28: 12.240222 | T28: 150 | V28: 2
A29: Diab III | D29: Vacant_Delta 1 | E29: DIAB-III DM DELTA A | F29: 28 | G29: 0 | H29: 0 | I29: 0 | J29: 0 | K29: 20 | L29: 0 | M29: 20 | N29: 775 | O29: 591 | P29: 0.76258065 | Q29: 7.425 | R29: 0.45528455 | S29: 20.137169 | T29: 594
A30: Diab III | B30: 46023 | C30: 1992 | D30: Mostafa Mahmoud Gaber ElHajjar | E30: DIAB-III MENOFYA-A | F30: 28 | G30: 0 | H30: 0 | I30: 1 | J30: 1 | K30: 19 | L30: 18 | M30: 1 | N30: 192 | O30: 141 | P30: 0.734375 | Q30: 8.5263158 | R30: 1.3641975 | S30: 11.561214 | T30: 162 | V30: 21
A31: Diab III | B31: 46023 | C31: 1995 | D31: Zeinab Serry AbdelSamie Ammar | E31: DIAB-III MENOFYA-B | F31: 28 | G31: 0 | H31: 1 | I31: 1 | J31: 2 | K31: 18 | L31: 17 | M31: 1 | N31: 159 | O31: 137 | P31: 0.86163522 | Q31: 8.6111111 | R31: 0 | S31: 12.290968 | T31: 155 | V31: 18
A32: Diab III | B32: 46023 | C32: 1994 | D32: Mariam AbuElMagd Ibrahim Abdullah ElNaggar | E32: DIAB-III GHARBIA-B | F32: 28 | G32: 0 | H32: 2 | I32: 1 | J32: 3 | K32: 17 | L32: 17 | M32: 0 | N32: 213 | O32: 132 | P32: 0.61971831 | Q32: 8.1764706 | R32: 1.0215827 | S32: 7.2068345 | T32: 139 | V32: 7
A33: Diab III | D33: Vacant_Gharbia_II | E33: DIAB-III GHARBIA-C | F33: 0 | G33: 0 | H33: 0 | I33: 0 | J33: 0 | K33: 0 | L33: 0 | M33: 0 | N33: 0 | O33: 0 | P33: 0 | Q33: 0 | R33: 0 | S33: 0 | T33: 0 | V33: 0
A34: Diab III | B34: 46023 | C34: 1993 | D34: Mohamed Ahmed ElSayed Ahmed ElTaras | E34: DIAB-III GHARBIA-A | F34: 28 | G34: 0 | H34: 1 | I34: 1 | J34: 2 | K34: 18 | L34: 18 | M34: 0 | N34: 198 | O34: 92 | P34: 0.46464646 | Q34: 7.8333333 | R34: 0 | S34: 5.1261229 | T34: 141 | V34: 49
A35: Diab III | B35: 46054 | C35: 2133 | D35: Hazem Mohamed HasaBallah Esmail Ibrahim | E35: DIAB-III KAFR ELSHEIKH-A | F35: 28 | G35: 0 | H35: 0 | I35: 0 | J35: 0 | K35: 20 | L35: 7 | M35: 13 | N35: 137 | O35: 35 | P35: 0.25547445 | Q35: 2 | R35: 0.5 | S35: 8.8504167 | T35: 40 | V35: 5
A36: Diab III | B36: 2-Nov-2023 | C36: 940 | D36: Mohamed Mohamed Mohamed Hassan Salah | E36: DIAB-III KAFR ELSHEIKH-B | F36: 28 | G36: 0 | H36: 0 | I36: 1.5 | J36: 1.5 | K36: 18.5 | L36: 18 | M36: 0.5 | N36: 224 | O36: 144 | P36: 0.64285714 | Q36: 7.9459459 | R36: 0 | S36: 11.71746 | T36: 147 | V36: 3
A37: Diab III | B37: 44703 | C37: 576 | D37: Mohamed ElSayed Mostafa Gaber | E37: DIAB-III DM DELTA B | F37: 28 | G37: 0 | H37: 0 | I37: 0 | J37: 0 | K37: 20 | L37: 11 | M37: 9 | N37: 224 | O37: 144 | P37: 0.64285714 | Q37: 7.9459459 | R37: 0 | S37: 11.71746 | T37: 147
A38: Diab III | B38: 46032 | C38: 2024 | D38: Ereny Awny Fouad Ibrahim Beshara | E38: DIAB-III ALEX EAST-A | F38: 28 | G38: 0 | H38: 1 | I38: 1.5 | J38: 2.5 | K38: 17.5 | L38: 18 | M38: 0 | N38: 161 | O38: 161 | P38: 1 | Q38: 9.3142857 | R38: 0.97546012 | S38: 10.494479 | T38: 163 | V38: 2
A39: Diab III | B39: 12-Apr-2025 | C39: 1587 | D39: Rana Mohamed Gaber AbdelHamid | E39: DIAB-III ALEX EAST-B | F39: 28 | G39: 0 | H39: 1 | I39: 1.5 | J39: 2.5 | K39: 17.5 | L39: 17 | M39: 0.5 | N39: 128 | O39: 128 | P39: 1 | Q39: 7.3714286 | R39: 1.0077519 | S39: 17.777261 | T39: 129 | V39: 1
A40: Diab III | B40: 46023 | C40: 2023 | D40: Mohamed Hussein AbdelNaiem Ahmed AbdelNaiem | E40: DIAB-III ALEX WEST | F40: 28 | G40: 0 | H40: 1 | I40: 2 | J40: 3 | K40: 17 | L40: 18 | M40: 0 | N40: 146 | O40: 119 | P40: 0.81506849 | Q40: 7.0588235 | R40: 1.9916667 | S40: 3.8288889 | T40: 120 | V40: 1
A41: Diab III | B41: 16-Aug-2025 | C41: 1757 | D41: Ingy Mahmoud Mohamed Ahmed ElSheikh | E41: DIAB-III ALEX CENTER-B | F41: 28 | G41: 0 | H41: 2 | I41: 1.5 | J41: 3.5 | K41: 16.5 | L41: 17 | M41: 0 | N41: 129 | O41: 122 | P41: 0.94573643 | Q41: 7.3939394 | R41: 0 | S41: 24.521175 | T41: 122 | V41: 0
A42: Diab III | D42: Vacant_Alexcenter_I / Alex_west_I | E42: DIAB-III ALEX CENTER-A | F42: 0 | G42: 0 | H42: 0 | I42: 0 | J42: 0 | K42: 0 | L42: 0 | M42: 0 | N42: 0 | O42: 0 | P42: 0 | Q42: 0 | R42: 0 | S42: 0 | T42: 0 | V42: 0
A43: Diab III | B43: 1-Jan-2024 | C43: 970 | D43: Marwa Mohamed Hussien Abdel Karim | E43: DIAB-II BEHIRA-A | F43: 28 | G43: 0 | H43: 2 | I43: 3.5 | J43: 5.5 | K43: 14.5 | L43: 14 | M43: 0.5 | N43: 135 | O43: 129 | P43: 0.95555556 | Q43: 8.8965517 | R43: 0 | S43: 37.73553 | T43: 129 | V43: 0
A44: Diab III | B44: 20-May-2023 | C44: 788 | D44: Monica Ibrahim Guirgis Youssef | E44: DIAB-II BEHIRA-B | F44: 28 | G44: 0 | H44: 2 | I44: 1.5 | J44: 3.5 | K44: 16.5 | L44: 17 | M44: 0 | N44: 141 | O44: 121 | P44: 0.85815603 | Q44: 7.3333333 | R44: 0.099173554 | S44: 11.561983 | T44: 121 | V44: 0
A45: Diab III | B45: 46032 | C45: 2092 | D45: Mohamed Ayman Mohamed Mahmoud AbuShosha | E45: DIAB-II BEHIRA-C | F45: 28 | G45: 0 | H45: 0 | I45: 2.5 | J45: 2.5 | K45: 17.5 | L45: 18 | M45: 0 | N45: 149 | O45: 144 | P45: 0.96644295 | Q45: 8.8571429 | R45: 1.9806452 | S45: 7.7082796 | T45: 155 | V45: 11
A46: Diab III | B46: 18-Jul-2020 | C46: 188 | D46: Karim Mohamed Nagib Mohamed El-Demerdash | E46: DIAB-III DM ALEX-BEHIR | F46: 28 | G46: 0 | H46: 0 | I46: 0 | J46: 0 | K46: 20 | L46: 13 | M46: 7 | N46: 533 | O46: 500 | P46: 0.9380863 | Q46: 7.7488133 | R46: 0.27673137 | S46: 22.898987 | T46: 501
A47: Diab III | D47: Vacant_Imbaba_I - Imbaba_II | E47: DIAB-III IMBABA | F47: 0 | G47: 0 | H47: 0 | I47: 0 | J47: 0 | K47: 0 | L47: 0 | M47: 0 | N47: 0 | O47: 0 | P47: 0 | Q47: 0 | R47: 0 | S47: 0 | T47: 0 | V47: 0
A48: Diab III | B48: 27-May-2023 | C48: 789 | D48: Kyrilles Latif Masoud Yassa | E48: DIAB-III HARAM-GIZA CENTERS | F48: 28 | G48: 0 | H48: 2 | I48: 0 | J48: 2 | K48: 18 | L48: 17 | M48: 1 | N48: 151 | O48: 126 | P48: 0.83443709 | Q48: 7.2777778 | R48: 1.9312977 | S48: 13.690076 | T48: 131 | V48: 5
A49: Diab III | D49: Vacant_Guiza_III | E49: DIAB-III DOKKI | F49: 0 | G49: 0 | H49: 0 | I49: 0 | J49: 0 | K49: 0 | L49: 0 | M49: 0 | N49: 0 | O49: 0 | P49: 0 | Q49: 0 | R49: 0 | S49: 0 | T49: 0 | V49: 0
A50: Diab III | B50: 2-Mar-2024 | C50: 1114 | D50: Mostafa Khaled Mohamed Mohamed | E50: DIAB-III MOHANDSEEN | F50: 28 | G50: 0 | H50: 1 | I50: 0 | J50: 1 | K50: 19 | L50: 16 | M50: 3 | N50: 156 | O50: 140 | P50: 0.8974359 | Q50: 7.5789474 | R50: 0 | S50: 7.4291667 | T50: 144 | V50: 4
A51: Diab III | B51: 46066 | C51: 2132 | D51: Amin Ibrahim Mohamed Amin | E51: DIAB-III FAISAL | F51: 28 | G51: 0 | H51: 0 | I51: 0 | J51: 0 | K51: 20 | L51: 1 | M51: 19 | N51: 168 | O51: 5 | P51: 0.029761905 | Q51: 0.3 | R51: 0.33333333 | S51: 3.6527778 | T51: 6 | V51: 1
A52: Diab III | B52: 0 | C52: 0 | D52: Vacant_October_ElSheikhZaied | E52: DIAB-III OCTOBER | F52: 0 | G52: 0 | H52: 0 | I52: 0 | J52: 0 | K52: 0 | L52: 0 | M52: 0 | N52: 0 | O52: 0 | P52: 0 | Q52: 0 | R52: 0 | S52: 0 | T52: 0 | V52: 0
A53: Diab III | B53: 45444 | C53: 1187 | D53: Jacklyn Mamdouh Aziz Loka | E53: DIAB-III DM GIZA | F53: 28 | G53: 0 | H53: 0 | I53: 0 | J53: 0 | K53: 20 | L53: 14 | M53: 6 | N53: 307 | O53: 266 | P53: 0.86644951 | Q53: 7.4283626 | R53: 0.96564885 | S53: 10.559622 | T53: 275
A54: Diab III | B54: 46023 | C54: 2009 | D54: Kamar AbdelSamie AbdelWahed Sawy | E54: DIAB-III MENIA-A | F54: 28 | G54: 0 | H54: 1 | I54: 1.5 | J54: 2.5 | K54: 17.5 | L54: 18 | M54: 0 | N54: 213 | O54: 164 | P54: 0.76995305 | Q54: 9.3714286 | R54: 1.9329268 | S54: 5.3382114 | T54: 164 | V54: 0
A55: Diab III | B55: 3-Aug-2025 | C55: 1754 | D55: Manar Ehab Abbas Emam | E55: DIAB-III MENIA-B | F55: 28 | G55: 0 | H55: 1 | I55: 2.5 | J55: 3.5 | K55: 16.5 | L55: 18 | M55: 0 | N55: 192 | O55: 169 | P55: 0.88020833 | Q55: 10.242424 | R55: 1.0118343 | S55: 19.618146 | T55: 169 | V55: 0
A56: Diab III | D56: Vacant_Assiut_INewValley | E56: DIAB-III ASSUIT-A | F56: 0 | G56: 0 | H56: 0 | I56: 0 | J56: 0 | K56: 0 | L56: 0 | M56: 0 | N56: 0 | O56: 0 | P56: 0 | Q56: 0 | R56: 0 | S56: 0 | T56: 0 | V56: 0
A57: Diab III | B57: 5-Aug-2023 | C57: 866 | D57: Martha Refaat Agban Fakher | E57: DIAB-III ASSUIT-B | F57: 28 | G57: 0 | H57: 2 | I57: 2.5 | J57: 4.5 | K57: 15.5 | L57: 17 | M57: 0 | N57: 172 | O57: 170 | P57: 0.98837209 | Q57: 10.967742 | R57: 1.9294118 | S57: 22.127157 | T57: 170 | V57: 0
A58: Diab III | B58: 46023 | C58: 2010 | D58: Rana Mohamed Hamed Fahmy | E58: DIAB-III BANISUIF | F58: 28 | G58: 0 | H58: 0 | I58: 0.5 | J58: 0.5 | K58: 19.5 | L58: 18 | M58: 1.5 | N58: 256 | O58: 131 | P58: 0.51171875 | Q58: 7.5384615 | R58: 0.80272109 | S58: 3.8502268 | T58: 147 | V58: 16
A59: Diab III | B59: 18-Jul-2020 | C59: 187 | D59: Sandy Nabil Faiq Bashy | E59: DIAB-III FAYOUM | F59: 28 | G59: 0 | H59: 2 | I59: 1.5 | J59: 3.5 | K59: 16.5 | L59: 17 | M59: 0 | N59: 184 | O59: 161 | P59: 0.875 | Q59: 9.7575758 | R59: 0 | S59: 8.6108696 | T59: 161 | V59: 0
A60: Diab III | D60: Vacant_Upper Egypt B | E60: DIAB-III DM UE B | F60: 28 | G60: 0 | H60: 0 | I60: 0 | J60: 0 | K60: 20 | L60: 0 | M60: 20 | N60: 548 | O60: 500 | P60: 0.91240876 | Q60: 10.322581 | R60: 0.98041536 | S60: 16.785391 | T60: 500
A61: Diab III | B61: 16-Aug-2025 | C61: 1764 | D61: Katreen Safwat Shoukry AbdelShahid | E61: DIAB-III SOHAG I-A | F61: 28 | G61: 0 | H61: 0 | I61: 1.5 | J61: 1.5 | K61: 18.5 | L61: 17 | M61: 1.5 | N61: 201 | O61: 172 | P61: 0.85572139 | Q61: 9.3513514 | R61: 0 | S61: 49.776686 | T61: 173 | V61: 1
A62: Diab III | B62: 46060 | C62: 2130 | D62: Mina Onsy Samy Mglea | E62: DIAB-III SOHAG I-B | F62: 28 | G62: 0 | H62: 0 | I62: 0 | J62: 0 | K62: 20 | L62: 5 | M62: 15 | N62: 194 | O62: 34 | P62: 0.17525773 | Q62: 1.75 | R62: 0 | S62: 5.4361905 | T62: 35 | V62: 1
A63: Diab III | B63: 1-Jan-2024 | C63: 974 | D63: Ereen Maher Botros Abdullah | E63: DIAB-III QENA-A | F63: 28 | G63: 0 | H63: 0 | I63: 0.5 | J63: 0.5 | K63: 19.5 | L63: 20 | M63: 0 | N63: 204 | O63: 172 | P63: 0.84313725 | Q63: 8.8205128 | R63: 0.0058139535 | S63: 32.028391 | T63: 172 | V63: 0
A64: Diab III | B64: 46025 | C64: 2022 | D64: Aya Mohamed Salah AbuElLail | E64: DIAB-III QENA-B | F64: 28 | G64: 0 | H64: 0 | I64: 1.5 | J64: 1.5 | K64: 18.5 | L64: 16 | M64: 2.5 | N64: 201 | O64: 122 | P64: 0.60696517 | Q64: 6.5945946 | R64: 0.016393443 | S64: 9.6163934 | T64: 122 | V64: 0
A65: Diab III | B65: 1-Jan-2024 | C65: 975 | D65: Amany Youssef Ismail Aly | E65: DIAB-III ASWAN | F65: 28 | G65: 0 | H65: 0 | I65: 2 | J65: 2 | K65: 18 | L65: 17 | M65: 1 | N65: 210 | O65: 157 | P65: 0.74761905 | Q65: 8.7222222 | R65: 1.4585987 | S65: 20.741507 | T65: 157 | V65: 0
A66: Diab III | B66: 44047 | C66: 210 | D66: Youstina Samy Eissa Bekhit | E66: DIAB-III DM UE A | F66: 28 | G66: 0 | H66: 0 | I66: 0 | J66: 0 | K66: 20 | L66: 12 | M66: 8 | N66: 411 | O66: 329 | P66: 0.80048662 | Q66: 9.0367868 | R66: 0.72929936 | S66: 35.259097 | T66: 330
A67: Diab III | B67: 25-Jul-2020 | C67: 199 | D67: Mahmoud Abdel Aziz El-Sayed Mohamed | E67: National Sales Manager | F67: 28 | G67: 0 | H67: 0 | I67: 0 | J67: 0 | K67: 20 | L67: 6 | M67: 14 | N67: 4194 | O67: 3388 | P67: 0.8078207 | Q67: 8.0492238 | R67: 0.47451575 | S67: 17.534122 | T67: 2654

Sheet Sheet1
A1: Line | B1: Experience | C1: Period | D1: Hiring Date | E1: Code | F1: Employee Name | G1: Target Visits (Experienced) | H1: Target Visits Done (Experienced) | I1: District Manager | J1: National Sales Manager | K1: Business Unit | L1: Area | M1: Calendar Days | N1: Holidays | O1: Leave Days | P1: Activity Days | Q1: NFA Days (Leave&Activity) | R1: Supposed Visit Days | S1: All Visit Days | T1: Missing Work Days | U1: Target Visits | V1: Target Visits Done | W1: Target Visits Achievement % | X1: Average Daily Visits (Actual Visit Days) | Y1: Calls per Visit | Z1: Average Visit Duration | AA1: Actual Visits | AB1: Daily Target Visits 2025 | AC1: Visits out of Target List
A3: Diab III | B3: =DATEDIF(D3,TODAY(),"M") -> 7 | C3: Non-Probation | D3: 12-Jul-2025 | E3: 1707 | F3: AbdelMoneim Sayed AbdelMoneim Sayed Darwish | G3: =U3 -> 173 | H3: =V3 -> 169 | I3: Peter AbdelNasser Fathy Habel | J3: Mahmoud Abdel Aziz El-Sayed Mohamed | K3: Kamal El-Din Magdy Abdel Fatah Allam | L3: DIAB-III ABBASEIA-KOBBAH | M3: 28 | N3: 0 | O3: 1 | P3: 2 | Q3: 3 | R3: 17 | S3: 18 | T3: 0 | U3: 173 | V3: 169 | W3: 0.97687861 | X3: 9.9411765 | Y3: 0 | Z3: 3.462426 | AA3: 169 | AC3: 0
A4: Diab III | B4: =DATEDIF(D4,TODAY(),"M") -> 20 | C4: Non-Probation | D4: 22-Jun-2024 | E4: 1188 | F4: Mahmoud Mohamed Abdelmahdy Abdullah | G4: =U4 -> 176 | H4: =V4 -> 155 | I4: Peter AbdelNasser Fathy Habel | J4: Mahmoud Abdel Aziz El-Sayed Mohamed | K4: Kamal El-Din Magdy Abdel Fatah Allam | L4: DIAB-III CAIRO EAST | M4: 28 | N4: 0 | O4: 3 | P4: 1.5 | Q4: 4.5 | R4: 15.5 | S4: 16 | T4: 0 | U4: 176 | V4: 155 | W4: 0.88068182 | X4: 10.387097 | Y4: 0.01242236 | Z4: 18.500725 | AA4: 161 | AC4: 6
A5: Diab III | B5: =DATEDIF(D5,TODAY(),"M") -> 15 | C5: Non-Probation | D5: 1-Dec-2024 | E5: 1331 | F5: Yasmin Sayed AbdelLatif Mohamed Hekal | G5: =U5 -> 161 | H5: =V5 -> 158 | I5: Peter AbdelNasser Fathy Habel | J5: Mahmoud Abdel Aziz El-Sayed Mohamed | K5: Kamal El-Din Magdy Abdel Fatah Allam | L5: DIAB-III AIN SHAMS | M5: 28 | N5: 0 | O5: 1 | P5: 1.5 | Q5: 2.5 | R5: 17.5 | S5: 18 | T5: 0 | U5: 161 | V5: 158 | W5: 0.98136646 | X5: 9.0285714 | Y5: 1.9050633 | Z5: 3.8904008 | AA5: 158 | AC5: 0
A6: Diab III | B6: =DATEDIF(D6,TODAY(),"M") -> 2 | C6: Probation | D6: 46025 | E6: 2008 | F6: Guirgis Samir Azmy Iskandar | G6: 0 | H6: 0 | I6: Peter AbdelNasser Fathy Habel | J6: Mahmoud Abdel Aziz El-Sayed Mohamed | K6: Kamal El-Din Magdy Abdel Fatah Allam | L6: DIAB-III HELIOPOLIS-A | M6: 28 | N6: 0 | O6: 3 | P6: 1 | Q6: 4 | R6: 16 | S6: 16 | T6: 0 | U6: 197 | V6: 123 | W6: 0.62436548 | X6: 8.375 | Y6: 0 | Z6: 3.6572139 | AA6: 134 | AC6: 11
A7: Diab III | B7: =DATEDIF(D7,TODAY(),"M") -> 18 | C7: Non-Probation | D7: 7-Sept-2024 | E7: 1268 | F7: Mariam Makram Ragheb Soliman | G7: =U7 -> 191 | H7: =V7 -> 154 | I7: Peter AbdelNasser Fathy Habel | J7: Mahmoud Abdel Aziz El-Sayed Mohamed | K7: Kamal El-Din Magdy Abdel Fatah Allam | L7: DIAB-III HELIOPOLIS-B | M7: 28 | N7: 0 | O7: 2 | P7: 2 | Q7: 4 | R7: 16 | S7: 17 | T7: 0 | U7: 191 | V7: 154 | W7: 0.80628272 | X7: 9.625 | Y7: 0 | Z7: 7.3560606 | AA7: 154 | AC7: 0
A8: Diab III | B8: =DATEDIF(D8,TODAY(),"M") -> 26 | C8: Non-Probation | D8: 1-Jan-2024 | E8: 1006 | F8: Kholoud El-Matarawy Mohamed Aly | G8: =U8 -> 177 | H8: =V8 -> 151 | I8: Peter AbdelNasser Fathy Habel | J8: Mahmoud Abdel Aziz El-Sayed Mohamed | K8: Kamal El-Din Magdy Abdel Fatah Allam | L8: DIAB-III NEW CAIRO | M8: 28 | N8: 0 | O8: 2 | P8: 1 | Q8: 3 | R8: 17 | S8: 17 | T8: 0 | U8: 177 | V8: 151 | W8: 0.85310734 | X8: 9.0588235 | Y8: 0 | Z8: 13.199784 | AA8: 154 | AC8: 3
A9: Diab III | B9: =DATEDIF(D9,TODAY(),"M") -> 1 | C9: Probation | D9: 46032 | E9: 2007 | F9: Rania Helmy Lotfy Mohamed ElAsour | G9: 0 | H9: 0 | I9: Peter AbdelNasser Fathy Habel | J9: Mahmoud Abdel Aziz El-Sayed Mohamed | K9: Kamal El-Din Magdy Abdel Fatah Allam | L9: DIAB-III ISMAILIA-SUIZ | M9: 28 | N9: 0 | O9: 2 | P9: 2 | Q9: 4 | R9: 16 | S9: 10 | T9: 6 | U9: 214 | V9: 66 | W9: 0.30841121 | X9: 4.125 | Y9: 0 | Z9: 3.3406566 | AA9: 66 | AC9: 0
A10: Diab III | B10: =DATEDIF(D10,TODAY(),"M") -> 4 | C10: Non-Probation | D10: 2-Nov-2025 | E10: 1839 | F10: Eman Hamdy Shahat Esmail | G10: =U10 -> 182 | H10: =V10 -> 144 | I10: Ahmed Adel Hosny Hassan | J10: Mahmoud Abdel Aziz El-Sayed Mohamed | K10: Kamal El-Din Magdy Abdel Fatah Allam | L10: DIAB-III CAIRO WEST | M10: 28 | N10: 0 | O10: 0 | P10: 1 | Q10: 1 | R10: 19 | S10: 17 | T10: 2 | U10: 182 | V10: 144 | W10: 0.79120879 | X10: 7.5789474 | Y10: 0 | Z10: 25.447106 | AA10: 144 | AC10: 0
A11: Diab III | B11: =DATEDIF(D11,TODAY(),"M") -> 2 | C11: Probation | D11: 46023 | E11: 2018 | F11: Mohamed Mostafa Mohamed Mahmoud Azzam | G11: 0 | H11: 0 | I11: Ahmed Adel Hosny Hassan | J11: Mahmoud Abdel Aziz El-Sayed Mohamed | K11: Kamal El-Din Magdy Abdel Fatah Allam | L11: DIAB-III CAIRO CENTER | M11: 28 | N11: 0 | O11: 1 | P11: 1.5 | Q11: 2.5 | R11: 17.5 | S11: 16 | T11: 1.5 | U11: 158 | V11: 120 | W11: 0.75949367 | X11: 6.8571429 | Y11: 0 | Z11: 12.007778 | AA11: 120 | AC11: 0
A12: Diab III | B12: =DATEDIF(D12,TODAY(),"M") -> 1 | C12: Probation | D12: 46032 | E12: 2074 | F12: Asmaa ElBel Zanaty Hussein Aly | G12: 0 | H12: 0 | I12: Ahmed Adel Hosny Hassan | J12: Mahmoud Abdel Aziz El-Sayed Mohamed | K12: Kamal El-Din Magdy Abdel Fatah Allam | L12: DIAB-III CAIRO SOUTH | M12: 28 | N12: 0 | O12: 0 | P12: 1 | Q12: 1 | R12: 19 | S12: 17 | T12: 2 | U12: 253 | V12: 131 | W12: 0.51778656 | X12: 6.8947368 | Y12: 0 | Z12: 16.027099 | AA12: 131 | AC12: 0
A13: Diab III | B13: =DATEDIF(D13,TODAY(),"M") -> 66 | C13: Non-Probation | D13: 29-Aug-2020 | E13: 230 | F13: Nourhan Ashraf Mostafa Hassan | G13: =U13 -> 147 | H13: =V13 -> 0 | I13: Ahmed Adel Hosny Hassan | J13: Mahmoud Abdel Aziz El-Sayed Mohamed | K13: Kamal El-Din Magdy Abdel Fatah Allam | L13: DIAB-III MAADI | M13: 28 | N13: 0 | O13: 0 | P13: 0 | Q13: 0 | R13: 20 | S13: 0 | T13: 20 | U13: 147 | V13: 0 | W13: 0 | X13: 0 | Y13: 0 | Z13: 0 | AA13: 0 | AC13: 0
A14: Diab III | B14: =DATEDIF(D14,TODAY(),"M") -> 26 | C14: Non-Probation | D14: 1-Jan-2024 | E14: 964 | F14: Fatma Fawzy Mohamed Mahmoud | G14: =U14 -> 189 | H14: =V14 -> 127 | I14: Ahmed Adel Hosny Hassan | J14: Mahmoud Abdel Aziz El-Sayed Mohamed | K14: Kamal El-Din Magdy Abdel Fatah Allam | L14: DIAB-III HELWAN | M14: 28 | N14: 0 | O14: 1 | P14: 1 | Q14: 2 | R14: 18 | S14: 15 | T14: 3 | U14: 189 | V14: 127 | W14: 0.67195767 | X14: 7.0555556 | Y14: 0.015748031 | Z14: 15.453018 | AA14: 127 | AC14: 0
A15: Diab III | B15: =DATEDIF(D15,TODAY(),"M") -> 1 | C15: Probation | D15: 46033 | E15: 2075 | F15: Maha Magdy AbdelSalam Mahmoud Farag | G15: 0 | H15: 0 | I15: Ahmed Adel Hosny Hassan | J15: Mahmoud Abdel Aziz El-Sayed Mohamed | K15: Kamal El-Din Magdy Abdel Fatah Allam | L15: DIAB-III QALUBIA-A | M15: 28 | N15: 0 | O15: 0 | P15: 1 | Q15: 1 | R15: 19 | S15: 16 | T15: 3 | U15: 197 | V15: 163 | W15: 0.82741117 | X15: 8.6315789 | Y15: 0.32317073 | Z15: 7.328252 | AA15: 164 | AC15: 1
A16: Diab III | B16: =DATEDIF(D16,TODAY(),"M") -> 2 | C16: Probation | D16: 46023 | E16: 2019 | F16: Mahmoud Lotfy Saied AbdelFatah | G16: 0 | H16: 0 | I16: Ahmed Adel Hosny Hassan | J16: Mahmoud Abdel Aziz El-Sayed Mohamed | K16: Kamal El-Din Magdy Abdel Fatah Allam | L16: DIAB-III QALUBIA-B | M16: 28 | N16: 0 | O16: 0 | P16: 0.5 | Q16: 0.5 | R16: 19.5 | S16: 14 | T16: 5.5 | U16: 194 | V16: 146 | W16: 0.75257732 | X16: 7.5384615 | Y16: 0.97278912 | Z16: 4.8744898 | AA16: 147 | AC16: 1
A17: Diab III | B17: =DATEDIF(D17,TODAY(),"M") -> 18 | C17: Non-Probation | D17: 10-Aug-2024 | E17: 1248 | F17: Mariam AbdelRahman Abdel Samie Abdel Wadod | G17: =U17 -> 216 | H17: =V17 -> 163 | I17: Vacant_Delta 1 | J17: Mahmoud Abdel Aziz El-Sayed Mohamed | K17: Kamal El-Din Magdy Abdel Fatah Allam | L17: DIAB-III SHARKIA-A | M17: 28 | N17: 0 | O17: 0 | P17: 0 | Q17: 0 | R17: 20 | S17: 17 | T17: 3 | U17: 216 | V17: 163 | W17: 0.75462963 | X17: 8.15 | Y17: 1.4969325 | Z17: 20.248466 | AA17: 163 | AC17: 0
A18: Diab III | B18: =DATEDIF(D18,TODAY(),"M") -> 2 | C18: Probation | D18: 46023 | E18: 2020 | F18: Youssef AbdelBaset Esmail Ahmed Ammar Badran | G18: 0 | H18: 0 | I18: Vacant_Delta 1 | J18: Mahmoud Abdel Aziz El-Sayed Mohamed | K18: Kamal El-Din Magdy Abdel Fatah Allam | L18: DIAB-III SHARKIA-B | M18: 28 | N18: 0 | O18: 0 | P18: 0 | Q18: 0 | R18: 20 | S18: 18 | T18: 2 | U18: 215 | V18: 148 | W18: 0.68837209 | X18: 7.8 | Y18: 1.2692308 | Z18: 17.218056 | AA18: 156 | AC18: 8
A19: Diab III | B19: =DATEDIF(D19,TODAY(),"M") -> 1 | C19: Probation | D19: 46032 | E19: 2039 | F19: Anas Mohamed ElSayed Ibrahim Salem | G19: 0 | H19: 0 | I19: Vacant_Delta 1 | J19: Mahmoud Abdel Aziz El-Sayed Mohamed | K19: Kamal El-Din Magdy Abdel Fatah Allam | L19: DIAB-III SHARKIA-C | M19: 28 | N19: 0 | O19: 0 | P19: 0 | Q19: 0 | R19: 20 | S19: 14 | T19: 6 | U19: 187 | V19: 110 | W19: 0.58823529 | X19: 6.55 | Y19: 1.9160305 | Z19: 5.3447837 | AA19: 131 | AC19: 21
A20: Diab III | B20: =DATEDIF(D20,TODAY(),"M") -> 26 | C20: Non-Probation | D20: 1-Jan-2024 | E20: 1047 | F20: Alaa Aly Aly Abu El-Enein | G20: =U20 -> 184 | H20: =V20 -> 157 | I20: Vacant_Delta 1 | J20: Mahmoud Abdel Aziz El-Sayed Mohamed | K20: Kamal El-Din Magdy Abdel Fatah Allam | L20: DIAB-III DAKAHLIA-A | M20: 28 | N20: 0 | O20: 0 | P20: 0 | Q20: 0 | R20: 20 | S20: 18 | T20: 2 | U20: 184 | V20: 157 | W20: 0.85326087 | X20: 7.9 | Y20: 0 | Z20: 15.115084 | AA20: 158 | AC20: 1
A21: Diab III | B21: =DATEDIF(D21,TODAY(),"M") -> 23 | C21: Non-Probation | D21: 14-Mar-2024 | E21: 1117 | F21: Reem Hassan Tolba Ibrahim | G21: =U21 -> 147 | H21: =V21 -> 123 | I21: Vacant_Delta 1 | J21: Mahmoud Abdel Aziz El-Sayed Mohamed | K21: Kamal El-Din Magdy Abdel Fatah Allam | L21: DIAB-III DAKAHLIA-B | M21: 28 | N21: 0 | O21: 0 | P21: 0 | Q21: 0 | R21: 20 | S21: 16 | T21: 4 | U21: 147 | V21: 123 | W21: 0.83673469 | X21: 6.15 | Y21: 1.8211382 | Z21: 25.008401 | AA21: 123 | AC21: 0
A22: Diab III | B22: =DATEDIF(D22,TODAY(),"M") -> 2 | C22: Probation | D22: 46023 | E22: 2021 | F22: Donia Mahmoud Mohamed Ahmed Mowafy | G22: 0 | H22: 0 | I22: Vacant_Delta 1 | J22: Mahmoud Abdel Aziz El-Sayed Mohamed | K22: Kamal El-Din Magdy Abdel Fatah Allam | L22: DIAB-III DAKAHLIA-C | M22: 28 | N22: 0 | O22: 0 | P22: 0 | Q22: 0 | R22: 20 | S22: 18 | T22: 2 | U22: 156 | V22: 169 | W22: 1.0833333 | X22: 8.45 | Y22: 1.7692308 | Z22: 5.2704142 | AA22: 169 | AC22: 0
A23: Diab III | B23: =DATEDIF(D23,TODAY(),"M") -> 67 | C23: Non-Probation | D23: 18-Jul-2020 | E23: 194 | F23: Menna Allah Hassouna Abbas Hassouna | G23: =U23 -> 232 | H23: =V23 -> 163 | I23: Vacant_Delta 1 | J23: Mahmoud Abdel Aziz El-Sayed Mohamed | K23: Kamal El-Din Magdy Abdel Fatah Allam | L23: DIAB-III DOMIAT | M23: 28 | N23: 0 | O23: 0 | P23: 0 | Q23: 0 | R23: 20 | S23: 17 | T23: 3 | U23: 232 | V23: 163 | W23: 0.70258621 | X23: 8.15 | Y23: 0 | Z23: 28.184969 | AA23: 163 | AC23: 0
A24: Diab III | B24: =DATEDIF(D24,TODAY(),"M") -> 26 | C24: Non-Probation | D24: 1-Jan-2024 | E24: 998 | F24: Shereen Tarek Gouda El-Sayed | G24: =U24 -> 212 | H24: =V24 -> 148 | I24: Vacant_Delta 1 | J24: Mahmoud Abdel Aziz El-Sayed Mohamed | K24: Kamal El-Din Magdy Abdel Fatah Allam | L24: DIAB-III P. SAID-N. SINAI | M24: 28 | N24: 0 | O24: 0 | P24: 0 | Q24: 0 | R24: 20 | S24: 17 | T24: 3 | U24: 212 | V24: 148 | W24: 0.69811321 | X24: 7.5 | Y24: 0 | Z24: 12.240222 | AA24: 150 | AC24: 2
A25: Diab III | B25: =DATEDIF(D25,TODAY(),"M") -> 2 | C25: Probation | D25: 46023 | E25: 1992 | F25: Mostafa Mahmoud Gaber ElHajjar | G25: 0 | H25: 0 | I25: Mohamed ElSayed Mostafa Gaber | J25: Mahmoud Abdel Aziz El-Sayed Mohamed | K25: Kamal El-Din Magdy Abdel Fatah Allam | L25: DIAB-III MENOFYA-A | M25: 28 | N25: 0 | O25: 0 | P25: 1 | Q25: 1 | R25: 19 | S25: 18 | T25: 1 | U25: 192 | V25: 141 | W25: 0.734375 | X25: 8.5263158 | Y25: 1.3641975 | Z25: 11.561214 | AA25: 162 | AC25: 21
A26: Diab III | B26: =DATEDIF(D26,TODAY(),"M") -> 2 | C26: Probation | D26: 46023 | E26: 1995 | F26: Zeinab Serry AbdelSamie Ammar | G26: 0 | H26: 0 | I26: Mohamed ElSayed Mostafa Gaber | J26: Mahmoud Abdel Aziz El-Sayed Mohamed | K26: Kamal El-Din Magdy Abdel Fatah Allam | L26: DIAB-III MENOFYA-B | M26: 28 | N26: 0 | O26: 1 | P26: 1 | Q26: 2 | R26: 18 | S26: 17 | T26: 1 | U26: 159 | V26: 137 | W26: 0.86163522 | X26: 8.6111111 | Y26: 0 | Z26: 12.290968 | AA26: 155 | AC26: 18
A27: Diab III | B27: =DATEDIF(D27,TODAY(),"M") -> 2 | C27: Probation | D27: 46023 | E27: 1994 | F27: Mariam AbuElMagd Ibrahim Abdullah ElNaggar | G27: 0 | H27: 0 | I27: Mohamed ElSayed Mostafa Gaber | J27: Mahmoud Abdel Aziz El-Sayed Mohamed | K27: Kamal El-Din Magdy Abdel Fatah Allam | L27: DIAB-III GHARBIA-B | M27: 28 | N27: 0 | O27: 2 | P27: 1 | Q27: 3 | R27: 17 | S27: 17 | T27: 0 | U27: 213 | V27: 132 | W27: 0.61971831 | X27: 8.1764706 | Y27: 1.0215827 | Z27: 7.2068345 | AA27: 139 | AC27: 7
A28: Diab III | B28: =DATEDIF(D28,TODAY(),"M") -> 2 | C28: Probation | D28: 46023 | E28: 1993 | F28: Mohamed Ahmed ElSayed Ahmed ElTaras | G28: 0 | H28: 0 | I28: Mohamed ElSayed Mostafa Gaber | J28: Mahmoud Abdel Aziz El-Sayed Mohamed | K28: Kamal El-Din Magdy Abdel Fatah Allam | L28: DIAB-III GHARBIA-A | M28: 28 | N28: 0 | O28: 1 | P28: 1 | Q28: 2 | R28: 18 | S28: 18 | T28: 0 | U28: 198 | V28: 92 | W28: 0.46464646 | X28: 7.8333333 | Y28: 0 | Z28: 5.1261229 | AA28: 141 | AC28: 49
A29: Diab III | B29: =DATEDIF(D29,TODAY(),"M") -> 1 | C29: Probation | D29: 46054 | E29: 2133 | F29: Hazem Mohamed HasaBallah Esmail Ibrahim | G29: 0 | H29: 0 | I29: Mohamed ElSayed Mostafa Gaber | J29: Mahmoud Abdel Aziz El-Sayed Mohamed | K29: Kamal El-Din Magdy Abdel Fatah Allam | L29: DIAB-III KAFR ELSHEIKH-A | M29: 28 | N29: 0 | O29: 0 | P29: 0 | Q29: 0 | R29: 20 | S29: 7 | T29: 13 | U29: 137 | V29: 35 | W29: 0.25547445 | X29: 2 | Y29: 0.5 | Z29: 8.8504167 | AA29: 40 | AC29: 5
A30: Diab III | B30: =DATEDIF(D30,TODAY(),"M") -> 28 | C30: Non-Probation | D30: 2-Nov-2023 | E30: 940 | F30: Mohamed Mohamed Mohamed Hassan Salah | G30: =U30 -> 224 | H30: =V30 -> 144 | I30: Mohamed ElSayed Mostafa Gaber | J30: Mahmoud Abdel Aziz El-Sayed Mohamed | K30: Kamal El-Din Magdy Abdel Fatah Allam | L30: DIAB-III KAFR ELSHEIKH-B | M30: 28 | N30: 0 | O30: 0 | P30: 1.5 | Q30: 1.5 | R30: 18.5 | S30: 18 | T30: 0.5 | U30: 224 | V30: 144 | W30: 0.64285714 | X30: 7.9459459 | Y30: 0 | Z30: 11.71746 | AA30: 147 | AC30: 3
A31: Diab III | B31: =DATEDIF(D31,TODAY(),"M") -> 1 | C31: Probation | D31: 46032 | E31: 2024 | F31: Ereny Awny Fouad Ibrahim Beshara | G31: 0 | H31: 0 | I31: Karim Mohamed Nagib Mohamed El-Demerdash | J31: Mahmoud Abdel Aziz El-Sayed Mohamed | K31: Kamal El-Din Magdy Abdel Fatah Allam | L31: DIAB-III ALEX EAST-A | M31: 28 | N31: 0 | O31: 1 | P31: 1.5 | Q31: 2.5 | R31: 17.5 | S31: 18 | T31: 0 | U31: 161 | V31: 161 | W31: 1 | X31: 9.3142857 | Y31: 0.97546012 | Z31: 10.494479 | AA31: 163 | AC31: 2
A32: Diab III | B32: =DATEDIF(D32,TODAY(),"M") -> 10 | C32: Non-Probation | D32: 12-Apr-2025 | E32: 1587 | F32: Rana Mohamed Gaber AbdelHamid | G32: =U32 -> 128 | H32: =V32 -> 128 | I32: Karim Mohamed Nagib Mohamed El-Demerdash | J32: Mahmoud Abdel Aziz El-Sayed Mohamed | K32: Kamal El-Din Magdy Abdel Fatah Allam | L32: DIAB-III ALEX EAST-B | M32: 28 | N32: 0 | O32: 1 | P32: 1.5 | Q32: 2.5 | R32: 17.5 | S32: 17 | T32: 0.5 | U32: 128 | V32: 128 | W32: 1 | X32: 7.3714286 | Y32: 1.0077519 | Z32: 17.777261 | AA32: 129 | AC32: 1
A33: Diab III | B33: =DATEDIF(D33,TODAY(),"M") -> 2 | C33: Probation | D33: 46023 | E33: 2023 | F33: Mohamed Hussein AbdelNaiem Ahmed AbdelNaiem | G33: 0 | H33: 0 | I33: Karim Mohamed Nagib Mohamed El-Demerdash | J33: Mahmoud Abdel Aziz El-Sayed Mohamed | K33: Kamal El-Din Magdy Abdel Fatah Allam | L33: DIAB-III ALEX WEST | M33: 28 | N33: 0 | O33: 1 | P33: 2 | Q33: 3 | R33: 17 | S33: 18 | T33: 0 | U33: 146 | V33: 119 | W33: 0.81506849 | X33: 7.0588235 | Y33: 1.9916667 | Z33: 3.8288889 | AA33: 120 | AC33: 1
A34: Diab III | B34: =DATEDIF(D34,TODAY(),"M") -> 6 | C34: Non-Probation | D34: 16-Aug-2025 | E34: 1757 | F34: Ingy Mahmoud Mohamed Ahmed ElSheikh | G34: =U34 -> 129 | H34: =V34 -> 122 | I34: Karim Mohamed Nagib Mohamed El-Demerdash | J34: Mahmoud Abdel Aziz El-Sayed Mohamed | K34: Kamal El-Din Magdy Abdel Fatah Allam | L34: DIAB-III ALEX CENTER-B | M34: 28 | N34: 0 | O34: 2 | P34: 1.5 | Q34: 3.5 | R34: 16.5 | S34: 17 | T34: 0 | U34: 129 | V34: 122 | W34: 0.94573643 | X34: 7.3939394 | Y34: 0 | Z34: 24.521175 | AA34: 122 | AC34: 0
A35: Diab III | B35: =DATEDIF(D35,TODAY(),"M") -> 26 | C35: Non-Probation | D35: 1-Jan-2024 | E35: 970 | F35: Marwa Mohamed Hussien Abdel Karim | G35: =U35 -> 135 | H35: =V35 -> 129 | I35: Karim Mohamed Nagib Mohamed El-Demerdash | J35: Mahmoud Abdel Aziz El-Sayed Mohamed | K35: Kamal El-Din Magdy Abdel Fatah Allam | L35: DIAB-II BEHIRA-A | M35: 28 | N35: 0 | O35: 2 | P35: 3.5 | Q35: 5.5 | R35: 14.5 | S35: 14 | T35: 0.5 | U35: 135 | V35: 129 | W35: 0.95555556 | X35: 8.8965517 | Y35: 0 | Z35: 37.73553 | AA35: 129 | AC35: 0
A36: Diab III | B36: =DATEDIF(D36,TODAY(),"M") -> 33 | C36: Non-Probation | D36: 20-May-2023 | E36: 788 | F36: Monica Ibrahim Guirgis Youssef | G36: =U36 -> 141 | H36: =V36 -> 121 | I36: Karim Mohamed Nagib Mohamed El-Demerdash | J36: Mahmoud Abdel Aziz El-Sayed Mohamed | K36: Kamal El-Din Magdy Abdel Fatah Allam | L36: DIAB-II BEHIRA-B | M36: 28 | N36: 0 | O36: 2 | P36: 1.5 | Q36: 3.5 | R36: 16.5 | S36: 17 | T36: 0 | U36: 141 | V36: 121 | W36: 0.85815603 | X36: 7.3333333 | Y36: 0.099173554 | Z36: 11.561983 | AA36: 121 | AC36: 0
A37: Diab III | B37: =DATEDIF(D37,TODAY(),"M") -> 1 | C37: Probation | D37: 46032 | E37: 2092 | F37: Mohamed Ayman Mohamed Mahmoud AbuShosha | G37: 0 | H37: 0 | I37: Karim Mohamed Nagib Mohamed El-Demerdash | J37: Mahmoud Abdel Aziz El-Sayed Mohamed | K37: Kamal El-Din Magdy Abdel Fatah Allam | L37: DIAB-II BEHIRA-C | M37: 28 | N37: 0 | O37: 0 | P37: 2.5 | Q37: 2.5 | R37: 17.5 | S37: 18 | T37: 0 | U37: 149 | V37: 144 | W37: 0.96644295 | X37: 8.8571429 | Y37: 1.9806452 | Z37: 7.7082796 | AA37: 155 | AC37: 11
A38: Diab III | B38: =DATEDIF(D38,TODAY(),"M") -> 33 | C38: Non-Probation | D38: 27-May-2023 | E38: 789 | F38: Kyrilles Latif Masoud Yassa | G38: =U38 -> 151 | H38: =V38 -> 126 | I38: Jacklyn Mamdouh Aziz Loka | J38: Mahmoud Abdel Aziz El-Sayed Mohamed | K38: Kamal El-Din Magdy Abdel Fatah Allam | L38: DIAB-III HARAM-GIZA CENTERS | M38: 28 | N38: 0 | O38: 2 | P38: 0 | Q38: 2 | R38: 18 | S38: 17 | T38: 1 | U38: 151 | V38: 126 | W38: 0.83443709 | X38: 7.2777778 | Y38: 1.9312977 | Z38: 13.690076 | AA38: 131 | AC38: 5
A39: Diab III | B39: =DATEDIF(D39,TODAY(),"M") -> 24 | C39: Non-Probation | D39: 2-Mar-2024 | E39: 1114 | F39: Mostafa Khaled Mohamed Mohamed | G39: =U39 -> 156 | H39: =V39 -> 140 | I39: Jacklyn Mamdouh Aziz Loka | J39: Mahmoud Abdel Aziz El-Sayed Mohamed | K39: Kamal El-Din Magdy Abdel Fatah Allam | L39: DIAB-III MOHANDSEEN | M39: 28 | N39: 0 | O39: 1 | P39: 0 | Q39: 1 | R39: 19 | S39: 16 | T39: 3 | U39: 156 | V39: 140 | W39: 0.8974359 | X39: 7.5789474 | Y39: 0 | Z39: 7.4291667 | AA39: 144 | AC39: 4
A40: Diab III | B40: =DATEDIF(D40,TODAY(),"M") -> 0 | C40: Probation | D40: 46066 | E40: 2132 | F40: Amin Ibrahim Mohamed Amin | G40: 0 | H40: 0 | I40: Jacklyn Mamdouh Aziz Loka | J40: Mahmoud Abdel Aziz El-Sayed Mohamed | K40: Kamal El-Din Magdy Abdel Fatah Allam | L40: DIAB-III FAISAL | M40: 28 | N40: 0 | O40: 0 | P40: 0 | Q40: 0 | R40: 20 | S40: 1 | T40: 19 | U40: 168 | V40: 5 | W40: 0.029761905 | X40: 0.3 | Y40: 0.33333333 | Z40: 3.6527778 | AA40: 6 | AC40: 1
A41: Diab III | B41: =DATEDIF(D41,TODAY(),"M") -> 2 | C41: Probation | D41: 46023 | E41: 2009 | F41: Kamar AbdelSamie AbdelWahed Sawy | G41: 0 | H41: 0 | I41: Vacant_Upper Egypt B | J41: Mahmoud Abdel Aziz El-Sayed Mohamed | K41: Kamal El-Din Magdy Abdel Fatah Allam | L41: DIAB-III MENIA-A | M41: 28 | N41: 0 | O41: 1 | P41: 1.5 | Q41: 2.5 | R41: 17.5 | S41: 18 | T41: 0 | U41: 213 | V41: 164 | W41: 0.76995305 | X41: 9.3714286 | Y41: 1.9329268 | Z41: 5.3382114 | AA41: 164 | AC41: 0
A42: Diab III | B42: =DATEDIF(D42,TODAY(),"M") -> 7 | C42: Non-Probation | D42: 3-Aug-2025 | E42: 1754 | F42: Manar Ehab Abbas Emam | G42: =U42 -> 192 | H42: =V42 -> 169 | I42: Vacant_Upper Egypt B | J42: Mahmoud Abdel Aziz El-Sayed Mohamed | K42: Kamal El-Din Magdy Abdel Fatah Allam | L42: DIAB-III MENIA-B | M42: 28 | N42: 0 | O42: 1 | P42: 2.5 | Q42: 3.5 | R42: 16.5 | S42: 18 | T42: 0 | U42: 192 | V42: 169 | W42: 0.88020833 | X42: 10.242424 | Y42: 1.0118343 | Z42: 19.618146 | AA42: 169 | AC42: 0
A43: Diab III | B43: =DATEDIF(D43,TODAY(),"M") -> 31 | C43: Non-Probation | D43: 5-Aug-2023 | E43: 866 | F43: Martha Refaat Agban Fakher | G43: =U43 -> 172 | H43: =V43 -> 170 | I43: Vacant_Upper Egypt B | J43: Mahmoud Abdel Aziz El-Sayed Mohamed | K43: Kamal El-Din Magdy Abdel Fatah Allam | L43: DIAB-III ASSUIT-B | M43: 28 | N43: 0 | O43: 2 | P43: 2.5 | Q43: 4.5 | R43: 15.5 | S43: 17 | T43: 0 | U43: 172 | V43: 170 | W43: 0.98837209 | X43: 10.967742 | Y43: 1.9294118 | Z43: 22.127157 | AA43: 170 | AC43: 0
A44: Diab III | B44: =DATEDIF(D44,TODAY(),"M") -> 2 | C44: Probation | D44: 46023 | E44: 2010 | F44: Rana Mohamed Hamed Fahmy | G44: 0 | H44: 0 | I44: Vacant_Upper Egypt B | J44: Mahmoud Abdel Aziz El-Sayed Mohamed | K44: Kamal El-Din Magdy Abdel Fatah Allam | L44: DIAB-III BANISUIF | M44: 28 | N44: 0 | O44: 0 | P44: 0.5 | Q44: 0.5 | R44: 19.5 | S44: 18 | T44: 1.5 | U44: 256 | V44: 131 | W44: 0.51171875 | X44: 7.5384615 | Y44: 0.80272109 | Z44: 3.8502268 | AA44: 147 | AC44: 16
A45: Diab III | B45: =DATEDIF(D45,TODAY(),"M") -> 67 | C45: Non-Probation | D45: 18-Jul-2020 | E45: 187 | F45: Sandy Nabil Faiq Bashy | G45: =U45 -> 184 | H45: =V45 -> 161 | I45: Vacant_Upper Egypt B | J45: Mahmoud Abdel Aziz El-Sayed Mohamed | K45: Kamal El-Din Magdy Abdel Fatah Allam | L45: DIAB-III FAYOUM | M45: 28 | N45: 0 | O45: 2 | P45: 1.5 | Q45: 3.5 | R45: 16.5 | S45: 17 | T45: 0 | U45: 184 | V45: 161 | W45: 0.875 | X45: 9.7575758 | Y45: 0 | Z45: 8.6108696 | AA45: 161 | AC45: 0
A46: Diab III | B46: =DATEDIF(D46,TODAY(),"M") -> 6 | C46: Non-Probation | D46: 16-Aug-2025 | E46: 1764 | F46: Katreen Safwat Shoukry AbdelShahid | G46: =U46 -> 201 | H46: =V46 -> 172 | I46: Youstina Samy Eissa Bekhit | J46: Mahmoud Abdel Aziz El-Sayed Mohamed | K46: Kamal El-Din Magdy Abdel Fatah Allam | L46: DIAB-III SOHAG I-A | M46: 28 | N46: 0 | O46: 0 | P46: 1.5 | Q46: 1.5 | R46: 18.5 | S46: 17 | T46: 1.5 | U46: 201 | V46: 172 | W46: 0.85572139 | X46: 9.3513514 | Y46: 0 | Z46: 49.776686 | AA46: 173 | AC46: 1
A47: Diab III | B47: =DATEDIF(D47,TODAY(),"M") -> 1 | C47: Probation | D47: 46060 | E47: 2130 | F47: Mina Onsy Samy Mglea | G47: 0 | H47: 0 | I47: Youstina Samy Eissa Bekhit | J47: Mahmoud Abdel Aziz El-Sayed Mohamed | K47: Kamal El-Din Magdy Abdel Fatah Allam | L47: DIAB-III SOHAG I-B | M47: 28 | N47: 0 | O47: 0 | P47: 0 | Q47: 0 | R47: 20 | S47: 5 | T47: 15 | U47: 194 | V47: 34 | W47: 0.17525773 | X47: 1.75 | Y47: 0 | Z47: 5.4361905 | AA47: 35 | AC47: 1
A48: Diab III | B48: =DATEDIF(D48,TODAY(),"M") -> 26 | C48: Probation | D48: 1-Jan-2024 | E48: 974 | F48: Ereen Maher Botros Abdullah | G48: 0 | H48: 0 | I48: Youstina Samy Eissa Bekhit | J48: Mahmoud Abdel Aziz El-Sayed Mohamed | K48: Kamal El-Din Magdy Abdel Fatah Allam | L48: DIAB-III QENA-A | M48: 28 | N48: 0 | O48: 0 | P48: 0.5 | Q48: 0.5 | R48: 19.5 | S48: 20 | T48: 0 | U48: 204 | V48: 172 | W48: 0.84313725 | X48: 8.8205128 | Y48: 0.0058139535 | Z48: 32.028391 | AA48: 172 | AC48: 0
A49: Diab III | B49: =DATEDIF(D49,TODAY(),"M") -> 2 | C49: Probation | D49: 46025 | E49: 2022 | F49: Aya Mohamed Salah AbuElLail | G49: 0 | H49: 0 | I49: Youstina Samy Eissa Bekhit | J49: Mahmoud Abdel Aziz El-Sayed Mohamed | K49: Kamal El-Din Magdy Abdel Fatah Allam | L49: DIAB-III QENA-B | M49: 28 | N49: 0 | O49: 0 | P49: 1.5 | Q49: 1.5 | R49: 18.5 | S49: 16 | T49: 2.5 | U49: 201 | V49: 122 | W49: 0.60696517 | X49: 6.5945946 | Y49: 0.016393443 | Z49: 9.6163934 | AA49: 122 | AC49: 0
A50: Diab III | B50: =DATEDIF(D50,TODAY(),"M") -> 26 | C50: Non-Probation | D50: 1-Jan-2024 | E50: 975 | F50: Amany Youssef Ismail Aly | G50: =U50 -> 210 | H50: =V50 -> 157 | I50: Youstina Samy Eissa Bekhit | J50: Mahmoud Abdel Aziz El-Sayed Mohamed | K50: Kamal El-Din Magdy Abdel Fatah Allam | L50: DIAB-III ASWAN | M50: 28 | N50: 0 | O50: 0 | P50: 2 | Q50: 2 | R50: 18 | S50: 17 | T50: 1 | U50: 210 | V50: 157 | W50: 0.74761905 | X50: 8.7222222 | Y50: 1.4585987 | Z50: 20.741507 | AA50: 157 | AC50: 0

Sheet sheet
A1: Line | B1: Hiring Date | C1: Code | D1: Name | E1: Area | F1: Calendar Days | G1: Holidays | H1: Leave Days | I1: Activity Days | J1: NFA Days (Leave&Activity) | K1: Supposed Visit Days | L1: All Visit Days | M1: Missing Work Days | N1: Target Visits | O1: Target Visits Done | P1: Target Visits Achievement % | Q1: Average Daily Visits (Actual Visit Days) | R1: Calls per Visit | S1: Average Visit Duration | T1: Actual Visits | U1: Daily Target Visits 2025 | V1: Visits out of Target List
A3: Diab III | B3: 12-Jul-2025 | C3: 1707 | D3: AbdelMoneim Sayed AbdelMoneim Sayed Darwish | E3: DIAB-III ABBASEIA-KOBBAH | F3: =VLOOKUP(D3,Performance!A:B,2,0) -> 28 | G3: =VLOOKUP(D3,Performance!A:C,3,0) -> 0 | H3: =VLOOKUP(D3,Performance!A:D,4,0) -> 1 | I3: =VLOOKUP(D3,Performance!A:E,5,0) -> 2 | J3: =VLOOKUP(D3,Performance!A:F,6,0) -> 3 | K3: =VLOOKUP(D3,Performance!A:G,7,0) -> 17 | L3: =VLOOKUP(D3,Performance!A:I,9,0) -> 18 | M3: =VLOOKUP(D3,Performance!A:H,8,0) -> 0 | N3: =VLOOKUP(D3,Performance!A:J,10,0) -> 173 | O3: =VLOOKUP(D3,Performance!A:K,11,0) -> 169 | P3: =VLOOKUP(D3,Performance!A:L,12,0) -> 0.97687861 | Q3: =VLOOKUP(D3,Performance!A:M,13,0) -> 9.9411765 | R3: =VLOOKUP(D3,Performance!A:N,14,0) -> 0 | S3: =VLOOKUP(D3,Performance!A:O,15,0) -> 3.462426 | T3: =VLOOKUP(D3,performance1,16,0) -> 169 | V3: =T3-O3 -> 0
A4: Diab III | B4: 22-Jun-2024 | C4: 1188 | D4: Mahmoud Mohamed Abdelmahdy Abdullah | E4: DIAB-III CAIRO EAST | F4: =VLOOKUP(D4,Performance!A:B,2,0) -> 28 | G4: =VLOOKUP(D4,Performance!A:C,3,0) -> 0 | H4: =VLOOKUP(D4,Performance!A:D,4,0) -> 3 | I4: =VLOOKUP(D4,Performance!A:E,5,0) -> 1.5 | J4: =VLOOKUP(D4,Performance!A:F,6,0) -> 4.5 | K4: =VLOOKUP(D4,Performance!A:G,7,0) -> 15.5 | L4: =VLOOKUP(D4,Performance!A:I,9,0) -> 16 | M4: =VLOOKUP(D4,Performance!A:H,8,0) -> 0 | N4: =VLOOKUP(D4,Performance!A:J,10,0) -> 176 | O4: =VLOOKUP(D4,Performance!A:K,11,0) -> 155 | P4: =VLOOKUP(D4,Performance!A:L,12,0) -> 0.88068182 | Q4: =VLOOKUP(D4,Performance!A:M,13,0) -> 10.387097 | R4: =VLOOKUP(D4,Performance!A:N,14,0) -> 0.01242236 | S4: =VLOOKUP(D4,Performance!A:O,15,0) -> 18.500725 | T4: =VLOOKUP(D4,performance1,16,0) -> 161 | V4: =T4-O4 -> 6
A5: Diab III | B5: 1-Dec-2024 | C5: 1331 | D5: Yasmin Sayed AbdelLatif Mohamed Hekal | E5: DIAB-III AIN SHAMS | F5: =VLOOKUP(D5,Performance!A:B,2,0) -> 28 | G5: =VLOOKUP(D5,Performance!A:C,3,0) -> 0 | H5: =VLOOKUP(D5,Performance!A:D,4,0) -> 1 | I5: =VLOOKUP(D5,Performance!A:E,5,0) -> 1.5 | J5: =VLOOKUP(D5,Performance!A:F,6,0) -> 2.5 | K5: =VLOOKUP(D5,Performance!A:G,7,0) -> 17.5 | L5: =VLOOKUP(D5,Performance!A:I,9,0) -> 18 | M5: =VLOOKUP(D5,Performance!A:H,8,0) -> 0 | N5: =VLOOKUP(D5,Performance!A:J,10,0) -> 161 | O5: =VLOOKUP(D5,Performance!A:K,11,0) -> 158 | P5: =VLOOKUP(D5,Performance!A:L,12,0) -> 0.98136646 | Q5: =VLOOKUP(D5,Performance!A:M,13,0) -> 9.0285714 | R5: =VLOOKUP(D5,Performance!A:N,14,0) -> 1.9050633 | S5: =VLOOKUP(D5,Performance!A:O,15,0) -> 3.8904008 | T5: =VLOOKUP(D5,performance1,16,0) -> 158 | V5: =T5-O5 -> 0
A6: Diab III | B6: 46025 | C6: 2008 | D6: Guirgis Samir Azmy Iskandar | E6: DIAB-III HELIOPOLIS-A | F6: =VLOOKUP(D6,Performance!A:B,2,0) -> 28 | G6: =VLOOKUP(D6,Performance!A:C,3,0) -> 0 | H6: =VLOOKUP(D6,Performance!A:D,4,0) -> 3 | I6: =VLOOKUP(D6,Performance!A:E,5,0) -> 1 | J6: =VLOOKUP(D6,Performance!A:F,6,0) -> 4 | K6: =VLOOKUP(D6,Performance!A:G,7,0) -> 16 | L6: =VLOOKUP(D6,Performance!A:I,9,0) -> 16 | M6: =VLOOKUP(D6,Performance!A:H,8,0) -> 0 | N6: =VLOOKUP(D6,Performance!A:J,10,0) -> 197 | O6: =VLOOKUP(D6,Performance!A:K,11,0) -> 123 | P6: =VLOOKUP(D6,Performance!A:L,12,0) -> 0.62436548 | Q6: =VLOOKUP(D6,Performance!A:M,13,0) -> 8.375 | R6: =VLOOKUP(D6,Performance!A:N,14,0) -> 0 | S6: =VLOOKUP(D6,Performance!A:O,15,0) -> 3.6572139 | T6: =VLOOKUP(D6,performance1,16,0) -> 134 | V6: =T6-O6 -> 11
A7: Diab III | B7: 7-Sept-2024 | C7: 1268 | D7: Mariam Makram Ragheb Soliman | E7: DIAB-III HELIOPOLIS-B | F7: =VLOOKUP(D7,Performance!A:B,2,0) -> 28 | G7: =VLOOKUP(D7,Performance!A:C,3,0) -> 0 | H7: =VLOOKUP(D7,Performance!A:D,4,0) -> 2 | I7: =VLOOKUP(D7,Performance!A:E,5,0) -> 2 | J7: =VLOOKUP(D7,Performance!A:F,6,0) -> 4 | K7: =VLOOKUP(D7,Performance!A:G,7,0) -> 16 | L7: =VLOOKUP(D7,Performance!A:I,9,0) -> 17 | M7: =VLOOKUP(D7,Performance!A:H,8,0) -> 0 | N7: =VLOOKUP(D7,Performance!A:J,10,0) -> 191 | O7: =VLOOKUP(D7,Performance!A:K,11,0) -> 154 | P7: =VLOOKUP(D7,Performance!A:L,12,0) -> 0.80628272 | Q7: =VLOOKUP(D7,Performance!A:M,13,0) -> 9.625 | R7: =VLOOKUP(D7,Performance!A:N,14,0) -> 0 | S7: =VLOOKUP(D7,Performance!A:O,15,0) -> 7.3560606 | T7: =VLOOKUP(D7,performance1,16,0) -> 154 | V7: =T7-O7 -> 0
A8: Diab III | D8: Vacant_NasrCity | E8: DIAB-III NASR CITY | F8: =VLOOKUP(D8,Performance!A:B,2,0) -> #N/A | G8: =VLOOKUP(D8,Performance!A:C,3,0) -> #N/A | H8: =VLOOKUP(D8,Performance!A:D,4,0) -> #N/A | I8: =VLOOKUP(D8,Performance!A:E,5,0) -> #N/A | J8: =VLOOKUP(D8,Performance!A:F,6,0) -> #N/A | K8: =VLOOKUP(D8,Performance!A:G,7,0) -> #N/A | L8: =VLOOKUP(D8,Performance!A:I,9,0) -> #N/A | M8: =VLOOKUP(D8,Performance!A:H,8,0) -> #N/A | N8: =VLOOKUP(D8,Performance!A:J,10,0) -> #N/A | O8: =VLOOKUP(D8,Performance!A:K,11,0) -> #N/A | P8: =VLOOKUP(D8,Performance!A:L,12,0) -> #N/A | Q8: =VLOOKUP(D8,Performance!A:M,13,0) -> #N/A | R8: =VLOOKUP(D8,Performance!A:N,14,0) -> #N/A | S8: =VLOOKUP(D8,Performance!A:O,15,0) -> #N/A | T8: =VLOOKUP(D8,performance1,16,0) -> #N/A | V8: =T8-O8 -> #N/A
A9: Diab III | B9: 1-Jan-2024 | C9: 1006 | D9: Kholoud El-Matarawy Mohamed Aly | E9: DIAB-III NEW CAIRO | F9: =VLOOKUP(D9,Performance!A:B,2,0) -> 28 | G9: =VLOOKUP(D9,Performance!A:C,3,0) -> 0 | H9: =VLOOKUP(D9,Performance!A:D,4,0) -> 2 | I9: =VLOOKUP(D9,Performance!A:E,5,0) -> 1 | J9: =VLOOKUP(D9,Performance!A:F,6,0) -> 3 | K9: =VLOOKUP(D9,Performance!A:G,7,0) -> 17 | L9: =VLOOKUP(D9,Performance!A:I,9,0) -> 17 | M9: =VLOOKUP(D9,Performance!A:H,8,0) -> 0 | N9: =VLOOKUP(D9,Performance!A:J,10,0) -> 177 | O9: =VLOOKUP(D9,Performance!A:K,11,0) -> 151 | P9: =VLOOKUP(D9,Performance!A:L,12,0) -> 0.85310734 | Q9: =VLOOKUP(D9,Performance!A:M,13,0) -> 9.0588235 | R9: =VLOOKUP(D9,Performance!A:N,14,0) -> 0 | S9: =VLOOKUP(D9,Performance!A:O,15,0) -> 13.199784 | T9: =VLOOKUP(D9,performance1,16,0) -> 154 | V9: =T9-O9 -> 3
A10: Diab III | B10: 46032 | C10: 2007 | D10: Rania Helmy Lotfy Mohamed ElAsour | E10: DIAB-III ISMAILIA-SUIZ | F10: =VLOOKUP(D10,Performance!A:B,2,0) -> 28 | G10: =VLOOKUP(D10,Performance!A:C,3,0) -> 0 | H10: =VLOOKUP(D10,Performance!A:D,4,0) -> 2 | I10: =VLOOKUP(D10,Performance!A:E,5,0) -> 2 | J10: =VLOOKUP(D10,Performance!A:F,6,0) -> 4 | K10: =VLOOKUP(D10,Performance!A:G,7,0) -> 16 | L10: =VLOOKUP(D10,Performance!A:I,9,0) -> 10 | M10: =VLOOKUP(D10,Performance!A:H,8,0) -> 6 | N10: =VLOOKUP(D10,Performance!A:J,10,0) -> 214 | O10: =VLOOKUP(D10,Performance!A:K,11,0) -> 66 | P10: =VLOOKUP(D10,Performance!A:L,12,0) -> 0.30841121 | Q10: =VLOOKUP(D10,Performance!A:M,13,0) -> 4.125 | R10: =VLOOKUP(D10,Performance!A:N,14,0) -> 0 | S10: =VLOOKUP(D10,Performance!A:O,15,0) -> 3.3406566 | T10: =VLOOKUP(D10,performance1,16,0) -> 66 | V10: =T10-O10 -> 0
A11: Diab III | B11: 1-Feb-2025 | C11: 1439 | D11: Peter AbdelNasser Fathy Habel | E11: DIAB-III DM CAIRO B | F11: =VLOOKUP(D11,Performance!A:B,2,0) -> 28 | G11: =VLOOKUP(D11,Performance!A:C,3,0) -> 0 | H11: =VLOOKUP(D11,Performance!A:D,4,0) -> 0 | I11: =VLOOKUP(D11,Performance!A:E,5,0) -> 0 | J11: =VLOOKUP(D11,Performance!A:F,6,0) -> 0 | K11: =VLOOKUP(D11,Performance!A:G,7,0) -> 20 | L11: =VLOOKUP(D11,Performance!A:I,9,0) -> 15 | M11: =VLOOKUP(D11,Performance!A:H,8,0) -> 5 | N11: =SUM(N3:N5,N7,N9) -> 878 | O11: =SUM(O3:O5,O7,O9) -> 787 | P11: =O11/N11 -> 0.89635535 | Q11: =AVERAGE(Q3:Q5,Q7,Q9) -> 9.6081336 | R11: =AVERAGE(R3:R5,R7,R9) -> 0.38349713 | S11: =AVERAGE(S3:S5,S7,S9) -> 9.2818791 | T11: =VLOOKUP(D11,performance1,16,0) -> 36
A12: Diab III | D12: Vacant_Shoubraelkhemah | E12: DIAB-III SHOBRA EL KHEMAH | F12: =VLOOKUP(D12,Performance!A:B,2,0) -> #N/A | G12: =VLOOKUP(D12,Performance!A:C,3,0) -> #N/A | H12: =VLOOKUP(D12,Performance!A:D,4,0) -> #N/A | I12: =VLOOKUP(D12,Performance!A:E,5,0) -> #N/A | J12: =VLOOKUP(D12,Performance!A:F,6,0) -> #N/A | K12: =VLOOKUP(D12,Performance!A:G,7,0) -> #N/A | L12: =VLOOKUP(D12,Performance!A:I,9,0) -> #N/A | M12: =VLOOKUP(D12,Performance!A:H,8,0) -> #N/A | N12: =VLOOKUP(D12,Performance!A:J,10,0) -> #N/A | O12: =VLOOKUP(D12,Performance!A:K,11,0) -> #N/A | P12: =VLOOKUP(D12,Performance!A:L,12,0) -> #N/A | Q12: =VLOOKUP(D12,Performance!A:M,13,0) -> #N/A | R12: =VLOOKUP(D12,Performance!A:N,14,0) -> #N/A | S12: =VLOOKUP(D12,Performance!A:O,15,0) -> #N/A | T12: =VLOOKUP(D12,performance1,16,0) -> #N/A | V12: =T12-O12 -> #N/A
A13: Diab III | B13: 2-Nov-2025 | C13: 1839 | D13: Eman Hamdy Shahat Esmail | E13: DIAB-III CAIRO WEST | F13: =VLOOKUP(D13,Performance!A:B,2,0) -> 28 | G13: =VLOOKUP(D13,Performance!A:C,3,0) -> 0 | H13: =VLOOKUP(D13,Performance!A:D,4,0) -> 0 | I13: =VLOOKUP(D13,Performance!A:E,5,0) -> 1 | J13: =VLOOKUP(D13,Performance!A:F,6,0) -> 1 | K13: =VLOOKUP(D13,Performance!A:G,7,0) -> 19 | L13: =VLOOKUP(D13,Performance!A:I,9,0) -> 17 | M13: =VLOOKUP(D13,Performance!A:H,8,0) -> 2 | N13: =VLOOKUP(D13,Performance!A:J,10,0) -> 182 | O13: =VLOOKUP(D13,Performance!A:K,11,0) -> 144 | P13: =VLOOKUP(D13,Performance!A:L,12,0) -> 0.79120879 | Q13: =VLOOKUP(D13,Performance!A:M,13,0) -> 7.5789474 | R13: =VLOOKUP(D13,Performance!A:N,14,0) -> 0 | S13: =VLOOKUP(D13,Performance!A:O,15,0) -> 25.447106 | T13: =VLOOKUP(D13,performance1,16,0) -> 144 | V13: =T13-O13 -> 0
A14: Diab III | B14: 46023 | C14: 2018 | D14: Mohamed Mostafa Mohamed Mahmoud Azzam | E14: DIAB-III CAIRO CENTER | F14: =VLOOKUP(D14,Performance!A:B,2,0) -> 28 | G14: =VLOOKUP(D14,Performance!A:C,3,0) -> 0 | H14: =VLOOKUP(D14,Performance!A:D,4,0) -> 1 | I14: =VLOOKUP(D14,Performance!A:E,5,0) -> 1.5 | J14: =VLOOKUP(D14,Performance!A:F,6,0) -> 2.5 | K14: =VLOOKUP(D14,Performance!A:G,7,0) -> 17.5 | L14: =VLOOKUP(D14,Performance!A:I,9,0) -> 16 | M14: =VLOOKUP(D14,Performance!A:H,8,0) -> 1.5 | N14: =VLOOKUP(D14,Performance!A:J,10,0) -> 158 | O14: =VLOOKUP(D14,Performance!A:K,11,0) -> 120 | P14: =VLOOKUP(D14,Performance!A:L,12,0) -> 0.75949367 | Q14: =VLOOKUP(D14,Performance!A:M,13,0) -> 6.8571429 | R14: =VLOOKUP(D14,Performance!A:N,14,0) -> 0 | S14: =VLOOKUP(D14,Performance!A:O,15,0) -> 12.007778 | T14: =VLOOKUP(D14,performance1,16,0) -> 120 | V14: =T14-O14 -> 0
A15: Diab III | B15: 46032 | C15: 2074 | D15: Asmaa ElBel Zanaty Hussein Aly | E15: DIAB-III CAIRO SOUTH | F15: =VLOOKUP(D15,Performance!A:B,2,0) -> 28 | G15: =VLOOKUP(D15,Performance!A:C,3,0) -> 0 | H15: =VLOOKUP(D15,Performance!A:D,4,0) -> 0 | I15: =VLOOKUP(D15,Performance!A:E,5,0) -> 1 | J15: =VLOOKUP(D15,Performance!A:F,6,0) -> 1 | K15: =VLOOKUP(D15,Performance!A:G,7,0) -> 19 | L15: =VLOOKUP(D15,Performance!A:I,9,0) -> 17 | M15: =VLOOKUP(D15,Performance!A:H,8,0) -> 2 | N15: =VLOOKUP(D15,Performance!A:J,10,0) -> 253 | O15: =VLOOKUP(D15,Performance!A:K,11,0) -> 131 | P15: =VLOOKUP(D15,Performance!A:L,12,0) -> 0.51778656 | Q15: =VLOOKUP(D15,Performance!A:M,13,0) -> 6.8947368 | R15: =VLOOKUP(D15,Performance!A:N,14,0) -> 0 | S15: =VLOOKUP(D15,Performance!A:O,15,0) -> 16.027099 | T15: =VLOOKUP(D15,performance1,16,0) -> 131 | V15: =T15-O15 -> 0
A16: Diab III | B16: 29-Aug-2020 | C16: 230 | D16: Nourhan Ashraf Mostafa Hassan | E16: DIAB-III MAADI | F16: =VLOOKUP(D16,Performance!A:B,2,0) -> 28 | G16: =VLOOKUP(D16,Performance!A:C,3,0) -> 0 | H16: =VLOOKUP(D16,Performance!A:D,4,0) -> 0 | I16: =VLOOKUP(D16,Performance!A:E,5,0) -> 0 | J16: =VLOOKUP(D16,Performance!A:F,6,0) -> 0 | K16: =VLOOKUP(D16,Performance!A:G,7,0) -> 20 | L16: =VLOOKUP(D16,Performance!A:I,9,0) -> 0 | M16: =VLOOKUP(D16,Performance!A:H,8,0) -> 20 | N16: =VLOOKUP(D16,Performance!A:J,10,0) -> 147 | O16: =VLOOKUP(D16,Performance!A:K,11,0) -> 0 | P16: =VLOOKUP(D16,Performance!A:L,12,0) -> 0 | Q16: =VLOOKUP(D16,Performance!A:M,13,0) -> 0 | R16: =VLOOKUP(D16,Performance!A:N,14,0) -> 0 | S16: =VLOOKUP(D16,Performance!A:O,15,0) -> 0 | T16: =VLOOKUP(D16,performance1,16,0) -> 0 | V16: =T16-O16 -> 0
A17: Diab III | B17: 1-Jan-2024 | C17: 964 | D17: Fatma Fawzy Mohamed Mahmoud | E17: DIAB-III HELWAN | F17: =VLOOKUP(D17,Performance!A:B,2,0) -> 28 | G17: =VLOOKUP(D17,Performance!A:C,3,0) -> 0 | H17: =VLOOKUP(D17,Performance!A:D,4,0) -> 1 | I17: =VLOOKUP(D17,Performance!A:E,5,0) -> 1 | J17: =VLOOKUP(D17,Performance!A:F,6,0) -> 2 | K17: =VLOOKUP(D17,Performance!A:G,7,0) -> 18 | L17: =VLOOKUP(D17,Performance!A:I,9,0) -> 15 | M17: =VLOOKUP(D17,Performance!A:H,8,0) -> 3 | N17: =VLOOKUP(D17,Performance!A:J,10,0) -> 189 | O17: =VLOOKUP(D17,Performance!A:K,11,0) -> 127 | P17: =VLOOKUP(D17,Performance!A:L,12,0) -> 0.67195767 | Q17: =VLOOKUP(D17,Performance!A:M,13,0) -> 7.0555556 | R17: =VLOOKUP(D17,Performance!A:N,14,0) -> 0.015748031 | S17: =VLOOKUP(D17,Performance!A:O,15,0) -> 15.453018 | T17: =VLOOKUP(D17,performance1,16,0) -> 127 | V17: =T17-O17 -> 0
A18: Diab III | B18: 46033 | C18: 2075 | D18: Maha Magdy AbdelSalam Mahmoud Farag | E18: DIAB-III QALUBIA-A | F18: =VLOOKUP(D18,Performance!A:B,2,0) -> 28 | G18: =VLOOKUP(D18,Performance!A:C,3,0) -> 0 | H18: =VLOOKUP(D18,Performance!A:D,4,0) -> 0 | I18: =VLOOKUP(D18,Performance!A:E,5,0) -> 1 | J18: =VLOOKUP(D18,Performance!A:F,6,0) -> 1 | K18: =VLOOKUP(D18,Performance!A:G,7,0) -> 19 | L18: =VLOOKUP(D18,Performance!A:I,9,0) -> 16 | M18: =VLOOKUP(D18,Performance!A:H,8,0) -> 3 | N18: =VLOOKUP(D18,Performance!A:J,10,0) -> 197 | O18: =VLOOKUP(D18,Performance!A:K,11,0) -> 163 | P18: =VLOOKUP(D18,Performance!A:L,12,0) -> 0.82741117 | Q18: =VLOOKUP(D18,Performance!A:M,13,0) -> 8.6315789 | R18: =VLOOKUP(D18,Performance!A:N,14,0) -> 0.32317073 | S18: =VLOOKUP(D18,Performance!A:O,15,0) -> 7.328252 | T18: =VLOOKUP(D18,performance1,16,0) -> 164 | V18: =T18-O18 -> 1
A19: Diab III | B19: 46023 | C19: 2019 | D19: Mahmoud Lotfy Saied AbdelFatah | E19: DIAB-III QALUBIA-B | F19: =VLOOKUP(D19,Performance!A:B,2,0) -> 28 | G19: =VLOOKUP(D19,Performance!A:C,3,0) -> 0 | H19: =VLOOKUP(D19,Performance!A:D,4,0) -> 0 | I19: =VLOOKUP(D19,Performance!A:E,5,0) -> 0.5 | J19: =VLOOKUP(D19,Performance!A:F,6,0) -> 0.5 | K19: =VLOOKUP(D19,Performance!A:G,7,0) -> 19.5 | L19: =VLOOKUP(D19,Performance!A:I,9,0) -> 14 | M19: =VLOOKUP(D19,Performance!A:H,8,0) -> 5.5 | N19: =VLOOKUP(D19,Performance!A:J,10,0) -> 194 | O19: =VLOOKUP(D19,Performance!A:K,11,0) -> 146 | P19: =VLOOKUP(D19,Performance!A:L,12,0) -> 0.75257732 | Q19: =VLOOKUP(D19,Performance!A:M,13,0) -> 7.5384615 | R19: =VLOOKUP(D19,Performance!A:N,14,0) -> 0.97278912 | S19: =VLOOKUP(D19,Performance!A:O,15,0) -> 4.8744898 | T19: =VLOOKUP(D19,performance1,16,0) -> 147 | V19: =T19-O19 -> 1
A20: Diab III | B20: 46023 | C20: 1902 | D20: Ahmed Adel Hosny Hassan | E20: DIAB-III DM CAIRO A | F20: =VLOOKUP(D20,Performance!A:B,2,0) -> 28 | G20: =VLOOKUP(D20,Performance!A:C,3,0) -> 0 | H20: =VLOOKUP(D20,Performance!A:D,4,0) -> 0 | I20: =VLOOKUP(D20,Performance!A:E,5,0) -> 0 | J20: =VLOOKUP(D20,Performance!A:F,6,0) -> 0 | K20: =VLOOKUP(D20,Performance!A:G,7,0) -> 20 | L20: =VLOOKUP(D20,Performance!A:I,9,0) -> 13 | M20: =VLOOKUP(D20,Performance!A:H,8,0) -> 7 | N20: =SUM(N13,N16:N17) -> 518 | O20: =SUM(O13,O16:O17) -> 271 | P20: =O20/N20 -> 0.52316602 | Q20: =AVERAGE(Q13,Q16:Q17) -> 4.8781676 | R20: =AVERAGE(R13,R16:R17) -> 0.0052493438 | S20: =AVERAGE(S13,S16:S17) -> 13.633375 | T20: =SUM(T13,T16:T17) -> 271
A21: Diab III | B21: 10-Aug-2024 | C21: 1248 | D21: Mariam AbdelRahman Abdel Samie Abdel Wadod | E21: DIAB-III SHARKIA-A | F21: =VLOOKUP(D21,Performance!A:B,2,0) -> 28 | G21: =VLOOKUP(D21,Performance!A:C,3,0) -> 0 | H21: =VLOOKUP(D21,Performance!A:D,4,0) -> 0 | I21: =VLOOKUP(D21,Performance!A:E,5,0) -> 0 | J21: =VLOOKUP(D21,Performance!A:F,6,0) -> 0 | K21: =VLOOKUP(D21,Performance!A:G,7,0) -> 20 | L21: =VLOOKUP(D21,Performance!A:I,9,0) -> 17 | M21: =VLOOKUP(D21,Performance!A:H,8,0) -> 3 | N21: =VLOOKUP(D21,Performance!A:J,10,0) -> 216 | O21: =VLOOKUP(D21,Performance!A:K,11,0) -> 163 | P21: =VLOOKUP(D21,Performance!A:L,12,0) -> 0.75462963 | Q21: =VLOOKUP(D21,Performance!A:M,13,0) -> 8.15 | R21: =VLOOKUP(D21,Performance!A:N,14,0) -> 1.4969325 | S21: =VLOOKUP(D21,Performance!A:O,15,0) -> 20.248466 | T21: =VLOOKUP(D21,performance1,16,0) -> 163 | V21: =T21-O21 -> 0
A22: Diab III | B22: 46023 | C22: 2020 | D22: Youssef AbdelBaset Esmail Ahmed Ammar Badran | E22: DIAB-III SHARKIA-B | F22: =VLOOKUP(D22,Performance!A:B,2,0) -> 28 | G22: =VLOOKUP(D22,Performance!A:C,3,0) -> 0 | H22: =VLOOKUP(D22,Performance!A:D,4,0) -> 0 | I22: =VLOOKUP(D22,Performance!A:E,5,0) -> 0 | J22: =VLOOKUP(D22,Performance!A:F,6,0) -> 0 | K22: =VLOOKUP(D22,Performance!A:G,7,0) -> 20 | L22: =VLOOKUP(D22,Performance!A:I,9,0) -> 18 | M22: =VLOOKUP(D22,Performance!A:H,8,0) -> 2 | N22: =VLOOKUP(D22,Performance!A:J,10,0) -> 215 | O22: =VLOOKUP(D22,Performance!A:K,11,0) -> 148 | P22: =VLOOKUP(D22,Performance!A:L,12,0) -> 0.68837209 | Q22: =VLOOKUP(D22,Performance!A:M,13,0) -> 7.8 | R22: =VLOOKUP(D22,Performance!A:N,14,0) -> 1.2692308 | S22: =VLOOKUP(D22,Performance!A:O,15,0) -> 17.218056 | T22: =VLOOKUP(D22,performance1,16,0) -> 156 | V22: =T22-O22 -> 8
A23: Diab III | B23: 46032 | C23: 2039 | D23: Anas Mohamed ElSayed Ibrahim Salem | E23: DIAB-III SHARKIA-C | F23: =VLOOKUP(D23,Performance!A:B,2,0) -> 28 | G23: =VLOOKUP(D23,Performance!A:C,3,0) -> 0 | H23: =VLOOKUP(D23,Performance!A:D,4,0) -> 0 | I23: =VLOOKUP(D23,Performance!A:E,5,0) -> 0 | J23: =VLOOKUP(D23,Performance!A:F,6,0) -> 0 | K23: =VLOOKUP(D23,Performance!A:G,7,0) -> 20 | L23: =VLOOKUP(D23,Performance!A:I,9,0) -> 14 | M23: =VLOOKUP(D23,Performance!A:H,8,0) -> 6 | N23: =VLOOKUP(D23,Performance!A:J,10,0) -> 187 | O23: =VLOOKUP(D23,Performance!A:K,11,0) -> 110 | P23: =VLOOKUP(D23,Performance!A:L,12,0) -> 0.58823529 | Q23: =VLOOKUP(D23,Performance!A:M,13,0) -> 6.55 | R23: =VLOOKUP(D23,Performance!A:N,14,0) -> 1.9160305 | S23: =VLOOKUP(D23,Performance!A:O,15,0) -> 5.3447837 | T23: =VLOOKUP(D23,performance1,16,0) -> 131 | V23: =T23-O23 -> 21
A24: Diab III | B24: 1-Jan-2024 | C24: 1047 | D24: Alaa Aly Aly Abu El-Enein | E24: DIAB-III DAKAHLIA-A | F24: =VLOOKUP(D24,Performance!A:B,2,0) -> 28 | G24: =VLOOKUP(D24,Performance!A:C,3,0) -> 0 | H24: =VLOOKUP(D24,Performance!A:D,4,0) -> 0 | I24: =VLOOKUP(D24,Performance!A:E,5,0) -> 0 | J24: =VLOOKUP(D24,Performance!A:F,6,0) -> 0 | K24: =VLOOKUP(D24,Performance!A:G,7,0) -> 20 | L24: =VLOOKUP(D24,Performance!A:I,9,0) -> 18 | M24: =VLOOKUP(D24,Performance!A:H,8,0) -> 2 | N24: =VLOOKUP(D24,Performance!A:J,10,0) -> 184 | O24: =VLOOKUP(D24,Performance!A:K,11,0) -> 157 | P24: =VLOOKUP(D24,Performance!A:L,12,0) -> 0.85326087 | Q24: =VLOOKUP(D24,Performance!A:M,13,0) -> 7.9 | R24: =VLOOKUP(D24,Performance!A:N,14,0) -> 0 | S24: =VLOOKUP(D24,Performance!A:O,15,0) -> 15.115084 | T24: =VLOOKUP(D24,performance1,16,0) -> 158 | V24: =T24-O24 -> 1
A25: Diab III | B25: 14-Mar-2024 | C25: 1117 | D25: Reem Hassan Tolba Ibrahim | E25: DIAB-III DAKAHLIA-B | F25: =VLOOKUP(D25,Performance!A:B,2,0) -> 28 | G25: =VLOOKUP(D25,Performance!A:C,3,0) -> 0 | H25: =VLOOKUP(D25,Performance!A:D,4,0) -> 0 | I25: =VLOOKUP(D25,Performance!A:E,5,0) -> 0 | J25: =VLOOKUP(D25,Performance!A:F,6,0) -> 0 | K25: =VLOOKUP(D25,Performance!A:G,7,0) -> 20 | L25: =VLOOKUP(D25,Performance!A:I,9,0) -> 16 | M25: =VLOOKUP(D25,Performance!A:H,8,0) -> 4 | N25: =VLOOKUP(D25,Performance!A:J,10,0) -> 147 | O25: =VLOOKUP(D25,Performance!A:K,11,0) -> 123 | P25: =VLOOKUP(D25,Performance!A:L,12,0) -> 0.83673469 | Q25: =VLOOKUP(D25,Performance!A:M,13,0) -> 6.15 | R25: =VLOOKUP(D25,Performance!A:N,14,0) -> 1.8211382 | S25: =VLOOKUP(D25,Performance!A:O,15,0) -> 25.008401 | T25: =VLOOKUP(D25,performance1,16,0) -> 123 | V25: =T25-O25 -> 0
A26: Diab III | B26: 46023 | C26: 2021 | D26: Donia Mahmoud Mohamed Ahmed Mowafy | E26: DIAB-III DAKAHLIA-C | F26: =VLOOKUP(D26,Performance!A:B,2,0) -> 28 | G26: =VLOOKUP(D26,Performance!A:C,3,0) -> 0 | H26: =VLOOKUP(D26,Performance!A:D,4,0) -> 0 | I26: =VLOOKUP(D26,Performance!A:E,5,0) -> 0 | J26: =VLOOKUP(D26,Performance!A:F,6,0) -> 0 | K26: =VLOOKUP(D26,Performance!A:G,7,0) -> 20 | L26: =VLOOKUP(D26,Performance!A:I,9,0) -> 18 | M26: =VLOOKUP(D26,Performance!A:H,8,0) -> 2 | N26: =VLOOKUP(D26,Performance!A:J,10,0) -> 156 | O26: =VLOOKUP(D26,Performance!A:K,11,0) -> 169 | P26: =VLOOKUP(D26,Performance!A:L,12,0) -> 1.0833333 | Q26: =VLOOKUP(D26,Performance!A:M,13,0) -> 8.45 | R26: =VLOOKUP(D26,Performance!A:N,14,0) -> 1.7692308 | S26: =VLOOKUP(D26,Performance!A:O,15,0) -> 5.2704142 | T26: =VLOOKUP(D26,performance1,16,0) -> 169 | V26: =T26-O26 -> 0
A27: Diab III | B27: 18-Jul-2020 | C27: 194 | D27: Menna Allah Hassouna Abbas Hassouna | E27: DIAB-III DOMIAT | F27: =VLOOKUP(D27,Performance!A:B,2,0) -> 28 | G27: =VLOOKUP(D27,Performance!A:C,3,0) -> 0 | H27: =VLOOKUP(D27,Performance!A:D,4,0) -> 0 | I27: =VLOOKUP(D27,Performance!A:E,5,0) -> 0 | J27: =VLOOKUP(D27,Performance!A:F,6,0) -> 0 | K27: =VLOOKUP(D27,Performance!A:G,7,0) -> 20 | L27: =VLOOKUP(D27,Performance!A:I,9,0) -> 17 | M27: =VLOOKUP(D27,Performance!A:H,8,0) -> 3 | N27: =VLOOKUP(D27,Performance!A:J,10,0) -> 232 | O27: =VLOOKUP(D27,Performance!A:K,11,0) -> 163 | P27: =VLOOKUP(D27,Performance!A:L,12,0) -> 0.70258621 | Q27: =VLOOKUP(D27,Performance!A:M,13,0) -> 8.15 | R27: =VLOOKUP(D27,Performance!A:N,14,0) -> 0 | S27: =VLOOKUP(D27,Performance!A:O,15,0) -> 28.184969 | T27: =VLOOKUP(D27,performance1,16,0) -> 163 | V27: =T27-O27 -> 0
A28: Diab III | B28: 1-Jan-2024 | C28: 998 | D28: Shereen Tarek Gouda El-Sayed | E28: DIAB-III P. SAID-N. SINAI | F28: =VLOOKUP(D28,Performance!A:B,2,0) -> 28 | G28: =VLOOKUP(D28,Performance!A:C,3,0) -> 0 | H28: =VLOOKUP(D28,Performance!A:D,4,0) -> 0 | I28: =VLOOKUP(D28,Performance!A:E,5,0) -> 0 | J28: =VLOOKUP(D28,Performance!A:F,6,0) -> 0 | K28: =VLOOKUP(D28,Performance!A:G,7,0) -> 20 | L28: =VLOOKUP(D28,Performance!A:I,9,0) -> 17 | M28: =VLOOKUP(D28,Performance!A:H,8,0) -> 3 | N28: =VLOOKUP(D28,Performance!A:J,10,0) -> 212 | O28: =VLOOKUP(D28,Performance!A:K,11,0) -> 148 | P28: =VLOOKUP(D28,Performance!A:L,12,0) -> 0.69811321 | Q28: =VLOOKUP(D28,Performance!A:M,13,0) -> 7.5 | R28: =VLOOKUP(D28,Performance!A:N,14,0) -> 0 | S28: =VLOOKUP(D28,Performance!A:O,15,0) -> 12.240222 | T28: =VLOOKUP(D28,performance1,16,0) -> 150 | V28: =T28-O28 -> 2
A29: Diab III | D29: Vacant_Delta 1 | E29: DIAB-III DM DELTA A | F29: =VLOOKUP(D29,Performance!A:B,2,0) -> #N/A | G29: =VLOOKUP(D29,Performance!A:C,3,0) -> #N/A | H29: =VLOOKUP(D29,Performance!A:D,4,0) -> #N/A | I29: =VLOOKUP(D29,Performance!A:E,5,0) -> #N/A | J29: =VLOOKUP(D29,Performance!A:F,6,0) -> #N/A | K29: =VLOOKUP(D29,Performance!A:G,7,0) -> #N/A | L29: =VLOOKUP(D29,Performance!A:I,9,0) -> #N/A | M29: =VLOOKUP(D29,Performance!A:H,8,0) -> #N/A | N29: =SUM(N24:N25,N27:N28) -> 775 | O29: =SUM(O24:O25,O27:O28) -> 591 | P29: =O29/N29 -> 0.76258065 | Q29: =AVERAGE(Q24:Q25,Q27:Q28) -> 7.425 | R29: =AVERAGE(R24:R25,R27:R28) -> 0.45528455 | S29: =AVERAGE(S24:S25,S27:S28) -> 20.137169 | T29: =SUM(T24:T25,T27:T28) -> 594
A30: Diab III | B30: 46023 | C30: 1992 | D30: Mostafa Mahmoud Gaber ElHajjar | E30: DIAB-III MENOFYA-A | F30: =VLOOKUP(D30,Performance!A:B,2,0) -> 28 | G30: =VLOOKUP(D30,Performance!A:C,3,0) -> 0 | H30: =VLOOKUP(D30,Performance!A:D,4,0) -> 0 | I30: =VLOOKUP(D30,Performance!A:E,5,0) -> 1 | J30: =VLOOKUP(D30,Performance!A:F,6,0) -> 1 | K30: =VLOOKUP(D30,Performance!A:G,7,0) -> 19 | L30: =VLOOKUP(D30,Performance!A:I,9,0) -> 18 | M30: =VLOOKUP(D30,Performance!A:H,8,0) -> 1 | N30: =VLOOKUP(D30,Performance!A:J,10,0) -> 192 | O30: =VLOOKUP(D30,Performance!A:K,11,0) -> 141 | P30: =VLOOKUP(D30,Performance!A:L,12,0) -> 0.734375 | Q30: =VLOOKUP(D30,Performance!A:M,13,0) -> 8.5263158 | R30: =VLOOKUP(D30,Performance!A:N,14,0) -> 1.3641975 | S30: =VLOOKUP(D30,Performance!A:O,15,0) -> 11.561214 | T30: =VLOOKUP(D30,performance1,16,0) -> 162 | V30: =T30-O30 -> 21
A31: Diab III | B31: 46023 | C31: 1995 | D31: Zeinab Serry AbdelSamie Ammar | E31: DIAB-III MENOFYA-B | F31: =VLOOKUP(D31,Performance!A:B,2,0) -> 28 | G31: =VLOOKUP(D31,Performance!A:C,3,0) -> 0 | H31: =VLOOKUP(D31,Performance!A:D,4,0) -> 1 | I31: =VLOOKUP(D31,Performance!A:E,5,0) -> 1 | J31: =VLOOKUP(D31,Performance!A:F,6,0) -> 2 | K31: =VLOOKUP(D31,Performance!A:G,7,0) -> 18 | L31: =VLOOKUP(D31,Performance!A:I,9,0) -> 17 | M31: =VLOOKUP(D31,Performance!A:H,8,0) -> 1 | N31: =VLOOKUP(D31,Performance!A:J,10,0) -> 159 | O31: =VLOOKUP(D31,Performance!A:K,11,0) -> 137 | P31: =VLOOKUP(D31,Performance!A:L,12,0) -> 0.86163522 | Q31: =VLOOKUP(D31,Performance!A:M,13,0) -> 8.6111111 | R31: =VLOOKUP(D31,Performance!A:N,14,0) -> 0 | S31: =VLOOKUP(D31,Performance!A:O,15,0) -> 12.290968 | T31: =VLOOKUP(D31,performance1,16,0) -> 155 | V31: =T31-O31 -> 18
A32: Diab III | B32: 46023 | C32: 1994 | D32: Mariam AbuElMagd Ibrahim Abdullah ElNaggar | E32: DIAB-III GHARBIA-B | F32: =VLOOKUP(D32,Performance!A:B,2,0) -> 28 | G32: =VLOOKUP(D32,Performance!A:C,3,0) -> 0 | H32: =VLOOKUP(D32,Performance!A:D,4,0) -> 2 | I32: =VLOOKUP(D32,Performance!A:E,5,0) -> 1 | J32: =VLOOKUP(D32,Performance!A:F,6,0) -> 3 | K32: =VLOOKUP(D32,Performance!A:G,7,0) -> 17 | L32: =VLOOKUP(D32,Performance!A:I,9,0) -> 17 | M32: =VLOOKUP(D32,Performance!A:H,8,0) -> 0 | N32: =VLOOKUP(D32,Performance!A:J,10,0) -> 213 | O32: =VLOOKUP(D32,Performance!A:K,11,0) -> 132 | P32: =VLOOKUP(D32,Performance!A:L,12,0) -> 0.61971831 | Q32: =VLOOKUP(D32,Performance!A:M,13,0) -> 8.1764706 | R32: =VLOOKUP(D32,Performance!A:N,14,0) -> 1.0215827 | S32: =VLOOKUP(D32,Performance!A:O,15,0) -> 7.2068345 | T32: =VLOOKUP(D32,performance1,16,0) -> 139 | V32: =T32-O32 -> 7
A33: Diab III | D33: Vacant_Gharbia_II | E33: DIAB-III GHARBIA-C | F33: =VLOOKUP(D33,Performance!A:B,2,0) -> #N/A | G33: =VLOOKUP(D33,Performance!A:C,3,0) -> #N/A | H33: =VLOOKUP(D33,Performance!A:D,4,0) -> #N/A | I33: =VLOOKUP(D33,Performance!A:E,5,0) -> #N/A | J33: =VLOOKUP(D33,Performance!A:F,6,0) -> #N/A | K33: =VLOOKUP(D33,Performance!A:G,7,0) -> #N/A | L33: =VLOOKUP(D33,Performance!A:I,9,0) -> #N/A | M33: =VLOOKUP(D33,Performance!A:H,8,0) -> #N/A | N33: =VLOOKUP(D33,Performance!A:J,10,0) -> #N/A | O33: =VLOOKUP(D33,Performance!A:K,11,0) -> #N/A | P33: =VLOOKUP(D33,Performance!A:L,12,0) -> #N/A | Q33: =VLOOKUP(D33,Performance!A:M,13,0) -> #N/A | R33: =VLOOKUP(D33,Performance!A:N,14,0) -> #N/A | S33: =VLOOKUP(D33,Performance!A:O,15,0) -> #N/A | T33: =VLOOKUP(D33,performance1,16,0) -> #N/A | V33: =T33-O33 -> #N/A
A34: Diab III | B34: 46023 | C34: 1993 | D34: Mohamed Ahmed ElSayed Ahmed ElTaras | E34: DIAB-III GHARBIA-A | F34: =VLOOKUP(D34,Performance!A:B,2,0) -> 28 | G34: =VLOOKUP(D34,Performance!A:C,3,0) -> 0 | H34: =VLOOKUP(D34,Performance!A:D,4,0) -> 1 | I34: =VLOOKUP(D34,Performance!A:E,5,0) -> 1 | J34: =VLOOKUP(D34,Performance!A:F,6,0) -> 2 | K34: =VLOOKUP(D34,Performance!A:G,7,0) -> 18 | L34: =VLOOKUP(D34,Performance!A:I,9,0) -> 18 | M34: =VLOOKUP(D34,Performance!A:H,8,0) -> 0 | N34: =VLOOKUP(D34,Performance!A:J,10,0) -> 198 | O34: =VLOOKUP(D34,Performance!A:K,11,0) -> 92 | P34: =VLOOKUP(D34,Performance!A:L,12,0) -> 0.46464646 | Q34: =VLOOKUP(D34,Performance!A:M,13,0) -> 7.8333333 | R34: =VLOOKUP(D34,Performance!A:N,14,0) -> 0 | S34: =VLOOKUP(D34,Performance!A:O,15,0) -> 5.1261229 | T34: =VLOOKUP(D34,performance1,16,0) -> 141 | V34: =T34-O34 -> 49
A35: Diab III | B35: 46054 | C35: 2133 | D35: Hazem Mohamed HasaBallah Esmail Ibrahim | E35: DIAB-III KAFR ELSHEIKH-A | F35: =VLOOKUP(D35,Performance!A:B,2,0) -> 28 | G35: =VLOOKUP(D35,Performance!A:C,3,0) -> 0 | H35: =VLOOKUP(D35,Performance!A:D,4,0) -> 0 | I35: =VLOOKUP(D35,Performance!A:E,5,0) -> 0 | J35: =VLOOKUP(D35,Performance!A:F,6,0) -> 0 | K35: =VLOOKUP(D35,Performance!A:G,7,0) -> 20 | L35: =VLOOKUP(D35,Performance!A:I,9,0) -> 7 | M35: =VLOOKUP(D35,Performance!A:H,8,0) -> 13 | N35: =VLOOKUP(D35,Performance!A:J,10,0) -> 137 | O35: =VLOOKUP(D35,Performance!A:K,11,0) -> 35 | P35: =VLOOKUP(D35,Performance!A:L,12,0) -> 0.25547445 | Q35: =VLOOKUP(D35,Performance!A:M,13,0) -> 2 | R35: =VLOOKUP(D35,Performance!A:N,14,0) -> 0.5 | S35: =VLOOKUP(D35,Performance!A:O,15,0) -> 8.8504167 | T35: =VLOOKUP(D35,performance1,16,0) -> 40 | V35: =T35-O35 -> 5
A36: Diab III | B36: 2-Nov-2023 | C36: 940 | D36: Mohamed Mohamed Mohamed Hassan Salah | E36: DIAB-III KAFR ELSHEIKH-B | F36: =VLOOKUP(D36,Performance!A:B,2,0) -> 28 | G36: =VLOOKUP(D36,Performance!A:C,3,0) -> 0 | H36: =VLOOKUP(D36,Performance!A:D,4,0) -> 0 | I36: =VLOOKUP(D36,Performance!A:E,5,0) -> 1.5 | J36: =VLOOKUP(D36,Performance!A:F,6,0) -> 1.5 | K36: =VLOOKUP(D36,Performance!A:G,7,0) -> 18.5 | L36: =VLOOKUP(D36,Performance!A:I,9,0) -> 18 | M36: =VLOOKUP(D36,Performance!A:H,8,0) -> 0.5 | N36: =VLOOKUP(D36,Performance!A:J,10,0) -> 224 | O36: =VLOOKUP(D36,Performance!A:K,11,0) -> 144 | P36: =VLOOKUP(D36,Performance!A:L,12,0) -> 0.64285714 | Q36: =VLOOKUP(D36,Performance!A:M,13,0) -> 7.9459459 | R36: =VLOOKUP(D36,Performance!A:N,14,0) -> 0 | S36: =VLOOKUP(D36,Performance!A:O,15,0) -> 11.71746 | T36: =VLOOKUP(D36,performance1,16,0) -> 147 | V36: =T36-O36 -> 3
A37: Diab III | B37: 44703 | C37: 576 | D37: Mohamed ElSayed Mostafa Gaber | E37: DIAB-III DM DELTA B | F37: =VLOOKUP(D37,Performance!A:B,2,0) -> 28 | G37: =VLOOKUP(D37,Performance!A:C,3,0) -> 0 | H37: =VLOOKUP(D37,Performance!A:D,4,0) -> 0 | I37: =VLOOKUP(D37,Performance!A:E,5,0) -> 0 | J37: =VLOOKUP(D37,Performance!A:F,6,0) -> 0 | K37: =VLOOKUP(D37,Performance!A:G,7,0) -> 20 | L37: =VLOOKUP(D37,Performance!A:I,9,0) -> 11 | M37: =VLOOKUP(D37,Performance!A:H,8,0) -> 9 | N37: =SUM(N36) -> 224 | O37: =SUM(O36) -> 144 | P37: =O37/N37 -> 0.64285714 | Q37: =AVERAGE(Q36) -> 7.9459459 | R37: =AVERAGE(R36) -> 0 | S37: =AVERAGE(S36) -> 11.71746 | T37: =SUM(T36) -> 147
A38: Diab III | B38: 46032 | C38: 2024 | D38: Ereny Awny Fouad Ibrahim Beshara | E38: DIAB-III ALEX EAST-A | F38: =VLOOKUP(D38,Performance!A:B,2,0) -> 28 | G38: =VLOOKUP(D38,Performance!A:C,3,0) -> 0 | H38: =VLOOKUP(D38,Performance!A:D,4,0) -> 1 | I38: =VLOOKUP(D38,Performance!A:E,5,0) -> 1.5 | J38: =VLOOKUP(D38,Performance!A:F,6,0) -> 2.5 | K38: =VLOOKUP(D38,Performance!A:G,7,0) -> 17.5 | L38: =VLOOKUP(D38,Performance!A:I,9,0) -> 18 | M38: =VLOOKUP(D38,Performance!A:H,8,0) -> 0 | N38: =VLOOKUP(D38,Performance!A:J,10,0) -> 161 | O38: =VLOOKUP(D38,Performance!A:K,11,0) -> 161 | P38: =VLOOKUP(D38,Performance!A:L,12,0) -> 1 | Q38: =VLOOKUP(D38,Performance!A:M,13,0) -> 9.3142857 | R38: =VLOOKUP(D38,Performance!A:N,14,0) -> 0.97546012 | S38: =VLOOKUP(D38,Performance!A:O,15,0) -> 10.494479 | T38: =VLOOKUP(D38,performance1,16,0) -> 163 | V38: =T38-O38 -> 2
A39: Diab III | B39: 12-Apr-2025 | C39: 1587 | D39: Rana Mohamed Gaber AbdelHamid | E39: DIAB-III ALEX EAST-B | F39: =VLOOKUP(D39,Performance!A:B,2,0) -> 28 | G39: =VLOOKUP(D39,Performance!A:C,3,0) -> 0 | H39: =VLOOKUP(D39,Performance!A:D,4,0) -> 1 | I39: =VLOOKUP(D39,Performance!A:E,5,0) -> 1.5 | J39: =VLOOKUP(D39,Performance!A:F,6,0) -> 2.5 | K39: =VLOOKUP(D39,Performance!A:G,7,0) -> 17.5 | L39: =VLOOKUP(D39,Performance!A:I,9,0) -> 17 | M39: =VLOOKUP(D39,Performance!A:H,8,0) -> 0.5 | N39: =VLOOKUP(D39,Performance!A:J,10,0) -> 128 | O39: =VLOOKUP(D39,Performance!A:K,11,0) -> 128 | P39: =VLOOKUP(D39,Performance!A:L,12,0) -> 1 | Q39: =VLOOKUP(D39,Performance!A:M,13,0) -> 7.3714286 | R39: =VLOOKUP(D39,Performance!A:N,14,0) -> 1.0077519 | S39: =VLOOKUP(D39,Performance!A:O,15,0) -> 17.777261 | T39: =VLOOKUP(D39,performance1,16,0) -> 129 | V39: =T39-O39 -> 1
A40: Diab III | B40: 46023 | C40: 2023 | D40: Mohamed Hussein AbdelNaiem Ahmed AbdelNaiem | E40: DIAB-III ALEX WEST | F40: =VLOOKUP(D40,Performance!A:B,2,0) -> 28 | G40: =VLOOKUP(D40,Performance!A:C,3,0) -> 0 | H40: =VLOOKUP(D40,Performance!A:D,4,0) -> 1 | I40: =VLOOKUP(D40,Performance!A:E,5,0) -> 2 | J40: =VLOOKUP(D40,Performance!A:F,6,0) -> 3 | K40: =VLOOKUP(D40,Performance!A:G,7,0) -> 17 | L40: =VLOOKUP(D40,Performance!A:I,9,0) -> 18 | M40: =VLOOKUP(D40,Performance!A:H,8,0) -> 0 | N40: =VLOOKUP(D40,Performance!A:J,10,0) -> 146 | O40: =VLOOKUP(D40,Performance!A:K,11,0) -> 119 | P40: =VLOOKUP(D40,Performance!A:L,12,0) -> 0.81506849 | Q40: =VLOOKUP(D40,Performance!A:M,13,0) -> 7.0588235 | R40: =VLOOKUP(D40,Performance!A:N,14,0) -> 1.9916667 | S40: =VLOOKUP(D40,Performance!A:O,15,0) -> 3.8288889 | T40: =VLOOKUP(D40,performance1,16,0) -> 120 | V40: =T40-O40 -> 1
A41: Diab III | B41: 16-Aug-2025 | C41: 1757 | D41: Ingy Mahmoud Mohamed Ahmed ElSheikh | E41: DIAB-III ALEX CENTER-B | F41: =VLOOKUP(D41,Performance!A:B,2,0) -> 28 | G41: =VLOOKUP(D41,Performance!A:C,3,0) -> 0 | H41: =VLOOKUP(D41,Performance!A:D,4,0) -> 2 | I41: =VLOOKUP(D41,Performance!A:E,5,0) -> 1.5 | J41: =VLOOKUP(D41,Performance!A:F,6,0) -> 3.5 | K41: =VLOOKUP(D41,Performance!A:G,7,0) -> 16.5 | L41: =VLOOKUP(D41,Performance!A:I,9,0) -> 17 | M41: =VLOOKUP(D41,Performance!A:H,8,0) -> 0 | N41: =VLOOKUP(D41,Performance!A:J,10,0) -> 129 | O41: =VLOOKUP(D41,Performance!A:K,11,0) -> 122 | P41: =VLOOKUP(D41,Performance!A:L,12,0) -> 0.94573643 | Q41: =VLOOKUP(D41,Performance!A:M,13,0) -> 7.3939394 | R41: =VLOOKUP(D41,Performance!A:N,14,0) -> 0 | S41: =VLOOKUP(D41,Performance!A:O,15,0) -> 24.521175 | T41: =VLOOKUP(D41,performance1,16,0) -> 122 | V41: =T41-O41 -> 0
A42: Diab III | D42: Vacant_Alexcenter_I / Alex_west_I | E42: DIAB-III ALEX CENTER-A | F42: =VLOOKUP(D42,Performance!A:B,2,0) -> #N/A | G42: =VLOOKUP(D42,Performance!A:C,3,0) -> #N/A | H42: =VLOOKUP(D42,Performance!A:D,4,0) -> #N/A | I42: =VLOOKUP(D42,Performance!A:E,5,0) -> #N/A | J42: =VLOOKUP(D42,Performance!A:F,6,0) -> #N/A | K42: =VLOOKUP(D42,Performance!A:G,7,0) -> #N/A | L42: =VLOOKUP(D42,Performance!A:I,9,0) -> #N/A | M42: =VLOOKUP(D42,Performance!A:H,8,0) -> #N/A | N42: =VLOOKUP(D42,Performance!A:J,10,0) -> #N/A | O42: =VLOOKUP(D42,Performance!A:K,11,0) -> #N/A | P42: =VLOOKUP(D42,Performance!A:L,12,0) -> #N/A | Q42: =VLOOKUP(D42,Performance!A:M,13,0) -> #N/A | R42: =VLOOKUP(D42,Performance!A:N,14,0) -> #N/A | S42: =VLOOKUP(D42,Performance!A:O,15,0) -> #N/A | T42: =VLOOKUP(D42,performance1,16,0) -> #N/A | V42: =T42-O42 -> #N/A
A43: Diab III | B43: 1-Jan-2024 | C43: 970 | D43: Marwa Mohamed Hussien Abdel Karim | E43: DIAB-II BEHIRA-A | F43: =VLOOKUP(D43,Performance!A:B,2,0) -> 28 | G43: =VLOOKUP(D43,Performance!A:C,3,0) -> 0 | H43: =VLOOKUP(D43,Performance!A:D,4,0) -> 2 | I43: =VLOOKUP(D43,Performance!A:E,5,0) -> 3.5 | J43: =VLOOKUP(D43,Performance!A:F,6,0) -> 5.5 | K43: =VLOOKUP(D43,Performance!A:G,7,0) -> 14.5 | L43: =VLOOKUP(D43,Performance!A:I,9,0) -> 14 | M43: =VLOOKUP(D43,Performance!A:H,8,0) -> 0.5 | N43: =VLOOKUP(D43,Performance!A:J,10,0) -> 135 | O43: =VLOOKUP(D43,Performance!A:K,11,0) -> 129 | P43: =VLOOKUP(D43,Performance!A:L,12,0) -> 0.95555556 | Q43: =VLOOKUP(D43,Performance!A:M,13,0) -> 8.8965517 | R43: =VLOOKUP(D43,Performance!A:N,14,0) -> 0 | S43: =VLOOKUP(D43,Performance!A:O,15,0) -> 37.73553 | T43: =VLOOKUP(D43,performance1,16,0) -> 129 | V43: =T43-O43 -> 0
A44: Diab III | B44: 20-May-2023 | C44: 788 | D44: Monica Ibrahim Guirgis Youssef | E44: DIAB-II BEHIRA-B | F44: =VLOOKUP(D44,Performance!A:B,2,0) -> 28 | G44: =VLOOKUP(D44,Performance!A:C,3,0) -> 0 | H44: =VLOOKUP(D44,Performance!A:D,4,0) -> 2 | I44: =VLOOKUP(D44,Performance!A:E,5,0) -> 1.5 | J44: =VLOOKUP(D44,Performance!A:F,6,0) -> 3.5 | K44: =VLOOKUP(D44,Performance!A:G,7,0) -> 16.5 | L44: =VLOOKUP(D44,Performance!A:I,9,0) -> 17 | M44: =VLOOKUP(D44,Performance!A:H,8,0) -> 0 | N44: =VLOOKUP(D44,Performance!A:J,10,0) -> 141 | O44: =VLOOKUP(D44,Performance!A:K,11,0) -> 121 | P44: =VLOOKUP(D44,Performance!A:L,12,0) -> 0.85815603 | Q44: =VLOOKUP(D44,Performance!A:M,13,0) -> 7.3333333 | R44: =VLOOKUP(D44,Performance!A:N,14,0) -> 0.099173554 | S44: =VLOOKUP(D44,Performance!A:O,15,0) -> 11.561983 | T44: =VLOOKUP(D44,performance1,16,0) -> 121 | V44: =T44-O44 -> 0
A45: Diab III | B45: 46032 | C45: 2092 | D45: Mohamed Ayman Mohamed Mahmoud AbuShosha | E45: DIAB-II BEHIRA-C | F45: =VLOOKUP(D45,Performance!A:B,2,0) -> 28 | G45: =VLOOKUP(D45,Performance!A:C,3,0) -> 0 | H45: =VLOOKUP(D45,Performance!A:D,4,0) -> 0 | I45: =VLOOKUP(D45,Performance!A:E,5,0) -> 2.5 | J45: =VLOOKUP(D45,Performance!A:F,6,0) -> 2.5 | K45: =VLOOKUP(D45,Performance!A:G,7,0) -> 17.5 | L45: =VLOOKUP(D45,Performance!A:I,9,0) -> 18 | M45: =VLOOKUP(D45,Performance!A:H,8,0) -> 0 | N45: =VLOOKUP(D45,Performance!A:J,10,0) -> 149 | O45: =VLOOKUP(D45,Performance!A:K,11,0) -> 144 | P45: =VLOOKUP(D45,Performance!A:L,12,0) -> 0.96644295 | Q45: =VLOOKUP(D45,Performance!A:M,13,0) -> 8.8571429 | R45: =VLOOKUP(D45,Performance!A:N,14,0) -> 1.9806452 | S45: =VLOOKUP(D45,Performance!A:O,15,0) -> 7.7082796 | T45: =VLOOKUP(D45,performance1,16,0) -> 155 | V45: =T45-O45 -> 11
A46: Diab III | B46: 18-Jul-2020 | C46: 188 | D46: Karim Mohamed Nagib Mohamed El-Demerdash | E46: DIAB-III DM ALEX-BEHIR | F46: =VLOOKUP(D46,Performance!A:B,2,0) -> 28 | G46: =VLOOKUP(D46,Performance!A:C,3,0) -> 0 | H46: =VLOOKUP(D46,Performance!A:D,4,0) -> 0 | I46: =VLOOKUP(D46,Performance!A:E,5,0) -> 0 | J46: =VLOOKUP(D46,Performance!A:F,6,0) -> 0 | K46: =VLOOKUP(D46,Performance!A:G,7,0) -> 20 | L46: =VLOOKUP(D46,Performance!A:I,9,0) -> 13 | M46: =VLOOKUP(D46,Performance!A:H,8,0) -> 7 | N46: =SUM(N39,N41,N43:N44) -> 533 | O46: =SUM(O39,O41,O43:O44) -> 500 | P46: =O46/N46 -> 0.9380863 | Q46: =AVERAGE(Q39,Q41,Q43:Q44) -> 7.7488133 | R46: =AVERAGE(R39,R41,R43:R44) -> 0.27673137 | S46: =AVERAGE(S39,S41,S43:S44) -> 22.898987 | T46: =SUM(T39,T41,T43:T44) -> 501
A47: Diab III | D47: Vacant_Imbaba_I - Imbaba_II | E47: DIAB-III IMBABA | F47: =VLOOKUP(D47,Performance!A:B,2,0) -> #N/A | G47: =VLOOKUP(D47,Performance!A:C,3,0) -> #N/A | H47: =VLOOKUP(D47,Performance!A:D,4,0) -> #N/A | I47: =VLOOKUP(D47,Performance!A:E,5,0) -> #N/A | J47: =VLOOKUP(D47,Performance!A:F,6,0) -> #N/A | K47: =VLOOKUP(D47,Performance!A:G,7,0) -> #N/A | L47: =VLOOKUP(D47,Performance!A:I,9,0) -> #N/A | M47: =VLOOKUP(D47,Performance!A:H,8,0) -> #N/A | N47: =VLOOKUP(D47,Performance!A:J,10,0) -> #N/A | O47: =VLOOKUP(D47,Performance!A:K,11,0) -> #N/A | P47: =VLOOKUP(D47,Performance!A:L,12,0) -> #N/A | Q47: =VLOOKUP(D47,Performance!A:M,13,0) -> #N/A | R47: =VLOOKUP(D47,Performance!A:N,14,0) -> #N/A | S47: =VLOOKUP(D47,Performance!A:O,15,0) -> #N/A | T47: =VLOOKUP(D47,performance1,16,0) -> #N/A | V47: =T47-O47 -> #N/A
A48: Diab III | B48: 27-May-2023 | C48: 789 | D48: Kyrilles Latif Masoud Yassa | E48: DIAB-III HARAM-GIZA CENTERS | F48: =VLOOKUP(D48,Performance!A:B,2,0) -> 28 | G48: =VLOOKUP(D48,Performance!A:C,3,0) -> 0 | H48: =VLOOKUP(D48,Performance!A:D,4,0) -> 2 | I48: =VLOOKUP(D48,Performance!A:E,5,0) -> 0 | J48: =VLOOKUP(D48,Performance!A:F,6,0) -> 2 | K48: =VLOOKUP(D48,Performance!A:G,7,0) -> 18 | L48: =VLOOKUP(D48,Performance!A:I,9,0) -> 17 | M48: =VLOOKUP(D48,Performance!A:H,8,0) -> 1 | N48: =VLOOKUP(D48,Performance!A:J,10,0) -> 151 | O48: =VLOOKUP(D48,Performance!A:K,11,0) -> 126 | P48: =VLOOKUP(D48,Performance!A:L,12,0) -> 0.83443709 | Q48: =VLOOKUP(D48,Performance!A:M,13,0) -> 7.2777778 | R48: =VLOOKUP(D48,Performance!A:N,14,0) -> 1.9312977 | S48: =VLOOKUP(D48,Performance!A:O,15,0) -> 13.690076 | T48: =VLOOKUP(D48,performance1,16,0) -> 131 | V48: =T48-O48 -> 5
A49: Diab III | D49: Vacant_Guiza_III | E49: DIAB-III DOKKI | F49: =VLOOKUP(D49,Performance!A:B,2,0) -> #N/A | G49: =VLOOKUP(D49,Performance!A:C,3,0) -> #N/A | H49: =VLOOKUP(D49,Performance!A:D,4,0) -> #N/A | I49: =VLOOKUP(D49,Performance!A:E,5,0) -> #N/A | J49: =VLOOKUP(D49,Performance!A:F,6,0) -> #N/A | K49: =VLOOKUP(D49,Performance!A:G,7,0) -> #N/A | L49: =VLOOKUP(D49,Performance!A:I,9,0) -> #N/A | M49: =VLOOKUP(D49,Performance!A:H,8,0) -> #N/A | N49: =VLOOKUP(D49,Performance!A:J,10,0) -> #N/A | O49: =VLOOKUP(D49,Performance!A:K,11,0) -> #N/A | P49: =VLOOKUP(D49,Performance!A:L,12,0) -> #N/A | Q49: =VLOOKUP(D49,Performance!A:M,13,0) -> #N/A | R49: =VLOOKUP(D49,Performance!A:N,14,0) -> #N/A | S49: =VLOOKUP(D49,Performance!A:O,15,0) -> #N/A | T49: =VLOOKUP(D49,performance1,16,0) -> #N/A | V49: =T49-O49 -> #N/A
A50: Diab III | B50: 2-Mar-2024 | C50: 1114 | D50: Mostafa Khaled Mohamed Mohamed | E50: DIAB-III MOHANDSEEN | F50: =VLOOKUP(D50,Performance!A:B,2,0) -> 28 | G50: =VLOOKUP(D50,Performance!A:C,3,0) -> 0 | H50: =VLOOKUP(D50,Performance!A:D,4,0) -> 1 | I50: =VLOOKUP(D50,Performance!A:E,5,0) -> 0 | J50: =VLOOKUP(D50,Performance!A:F,6,0) -> 1 | K50: =VLOOKUP(D50,Performance!A:G,7,0) -> 19 | L50: =VLOOKUP(D50,Performance!A:I,9,0) -> 16 | M50: =VLOOKUP(D50,Performance!A:H,8,0) -> 3 | N50: =VLOOKUP(D50,Performance!A:J,10,0) -> 156 | O50: =VLOOKUP(D50,Performance!A:K,11,0) -> 140 | P50: =VLOOKUP(D50,Performance!A:L,12,0) -> 0.8974359 | Q50: =VLOOKUP(D50,Performance!A:M,13,0) -> 7.5789474 | R50: =VLOOKUP(D50,Performance!A:N,14,0) -> 0 | S50: =VLOOKUP(D50,Performance!A:O,15,0) -> 7.4291667 | T50: =VLOOKUP(D50,performance1,16,0) -> 144 | V50: =T50-O50 -> 4
A51: Diab III | B51: 46066 | C51: 2132 | D51: Amin Ibrahim Mohamed Amin | E51: DIAB-III FAISAL | F51: =VLOOKUP(D51,Performance!A:B,2,0) -> 28 | G51: =VLOOKUP(D51,Performance!A:C,3,0) -> 0 | H51: =VLOOKUP(D51,Performance!A:D,4,0) -> 0 | I51: =VLOOKUP(D51,Performance!A:E,5,0) -> 0 | J51: =VLOOKUP(D51,Performance!A:F,6,0) -> 0 | K51: =VLOOKUP(D51,Performance!A:G,7,0) -> 20 | L51: =VLOOKUP(D51,Performance!A:I,9,0) -> 1 | M51: =VLOOKUP(D51,Performance!A:H,8,0) -> 19 | N51: =VLOOKUP(D51,Performance!A:J,10,0) -> 168 | O51: =VLOOKUP(D51,Performance!A:K,11,0) -> 5 | P51: =VLOOKUP(D51,Performance!A:L,12,0) -> 0.029761905 | Q51: =VLOOKUP(D51,Performance!A:M,13,0) -> 0.3 | R51: =VLOOKUP(D51,Performance!A:N,14,0) -> 0.33333333 | S51: =VLOOKUP(D51,Performance!A:O,15,0) -> 3.6527778 | T51: =VLOOKUP(D51,performance1,16,0) -> 6 | V51: =T51-O51 -> 1
A52: Diab III | B52: 0 | C52: 0 | D52: Vacant_October_ElSheikhZaied | E52: DIAB-III OCTOBER | F52: =VLOOKUP(D52,Performance!A:B,2,0) -> #N/A | G52: =VLOOKUP(D52,Performance!A:C,3,0) -> #N/A | H52: =VLOOKUP(D52,Performance!A:D,4,0) -> #N/A | I52: =VLOOKUP(D52,Performance!A:E,5,0) -> #N/A | J52: =VLOOKUP(D52,Performance!A:F,6,0) -> #N/A | K52: =VLOOKUP(D52,Performance!A:G,7,0) -> #N/A | L52: =VLOOKUP(D52,Performance!A:I,9,0) -> #N/A | M52: =VLOOKUP(D52,Performance!A:H,8,0) -> #N/A | N52: =VLOOKUP(D52,Performance!A:J,10,0) -> #N/A | O52: =VLOOKUP(D52,Performance!A:K,11,0) -> #N/A | P52: =VLOOKUP(D52,Performance!A:L,12,0) -> #N/A | Q52: =VLOOKUP(D52,Performance!A:M,13,0) -> #N/A | R52: =VLOOKUP(D52,Performance!A:N,14,0) -> #N/A | S52: =VLOOKUP(D52,Performance!A:O,15,0) -> #N/A | T52: =VLOOKUP(D52,performance1,16,0) -> #N/A | V52: =T52-O52 -> #N/A
A53: Diab III | B53: 45444 | C53: 1187 | D53: Jacklyn Mamdouh Aziz Loka | E53: DIAB-III DM GIZA | F53: =VLOOKUP(D53,Performance!A:B,2,0) -> 28 | G53: =VLOOKUP(D53,Performance!A:C,3,0) -> 0 | H53: =VLOOKUP(D53,Performance!A:D,4,0) -> 0 | I53: =VLOOKUP(D53,Performance!A:E,5,0) -> 0 | J53: =VLOOKUP(D53,Performance!A:F,6,0) -> 0 | K53: =VLOOKUP(D53,Performance!A:G,7,0) -> 20 | L53: =VLOOKUP(D53,Performance!A:I,9,0) -> 14 | M53: =VLOOKUP(D53,Performance!A:H,8,0) -> 6 | N53: =SUM(N48,N50) -> 307 | O53: =SUM(O48,O50) -> 266 | P53: =O53/N53 -> 0.86644951 | Q53: =AVERAGE(Q48,Q50) -> 7.4283626 | R53: =AVERAGE(R48,R50) -> 0.96564885 | S53: =AVERAGE(S48,S50) -> 10.559622 | T53: =SUM(T48,T50) -> 275
A54: Diab III | B54: 46023 | C54: 2009 | D54: Kamar AbdelSamie AbdelWahed Sawy | E54: DIAB-III MENIA-A | F54: =VLOOKUP(D54,Performance!A:B,2,0) -> 28 | G54: =VLOOKUP(D54,Performance!A:C,3,0) -> 0 | H54: =VLOOKUP(D54,Performance!A:D,4,0) -> 1 | I54: =VLOOKUP(D54,Performance!A:E,5,0) -> 1.5 | J54: =VLOOKUP(D54,Performance!A:F,6,0) -> 2.5 | K54: =VLOOKUP(D54,Performance!A:G,7,0) -> 17.5 | L54: =VLOOKUP(D54,Performance!A:I,9,0) -> 18 | M54: =VLOOKUP(D54,Performance!A:H,8,0) -> 0 | N54: =VLOOKUP(D54,Performance!A:J,10,0) -> 213 | O54: =VLOOKUP(D54,Performance!A:K,11,0) -> 164 | P54: =VLOOKUP(D54,Performance!A:L,12,0) -> 0.76995305 | Q54: =VLOOKUP(D54,Performance!A:M,13,0) -> 9.3714286 | R54: =VLOOKUP(D54,Performance!A:N,14,0) -> 1.9329268 | S54: =VLOOKUP(D54,Performance!A:O,15,0) -> 5.3382114 | T54: =VLOOKUP(D54,performance1,16,0) -> 164 | V54: =T54-O54 -> 0
A55: Diab III | B55: 3-Aug-2025 | C55: 1754 | D55: Manar Ehab Abbas Emam | E55: DIAB-III MENIA-B | F55: =VLOOKUP(D55,Performance!A:B,2,0) -> 28 | G55: =VLOOKUP(D55,Performance!A:C,3,0) -> 0 | H55: =VLOOKUP(D55,Performance!A:D,4,0) -> 1 | I55: =VLOOKUP(D55,Performance!A:E,5,0) -> 2.5 | J55: =VLOOKUP(D55,Performance!A:F,6,0) -> 3.5 | K55: =VLOOKUP(D55,Performance!A:G,7,0) -> 16.5 | L55: =VLOOKUP(D55,Performance!A:I,9,0) -> 18 | M55: =VLOOKUP(D55,Performance!A:H,8,0) -> 0 | N55: =VLOOKUP(D55,Performance!A:J,10,0) -> 192 | O55: =VLOOKUP(D55,Performance!A:K,11,0) -> 169 | P55: =VLOOKUP(D55,Performance!A:L,12,0) -> 0.88020833 | Q55: =VLOOKUP(D55,Performance!A:M,13,0) -> 10.242424 | R55: =VLOOKUP(D55,Performance!A:N,14,0) -> 1.0118343 | S55: =VLOOKUP(D55,Performance!A:O,15,0) -> 19.618146 | T55: =VLOOKUP(D55,performance1,16,0) -> 169 | V55: =T55-O55 -> 0
A56: Diab III | D56: Vacant_Assiut_INewValley | E56: DIAB-III ASSUIT-A | F56: =VLOOKUP(D56,Performance!A:B,2,0) -> #N/A | G56: =VLOOKUP(D56,Performance!A:C,3,0) -> #N/A | H56: =VLOOKUP(D56,Performance!A:D,4,0) -> #N/A | I56: =VLOOKUP(D56,Performance!A:E,5,0) -> #N/A | J56: =VLOOKUP(D56,Performance!A:F,6,0) -> #N/A | K56: =VLOOKUP(D56,Performance!A:G,7,0) -> #N/A | L56: =VLOOKUP(D56,Performance!A:I,9,0) -> #N/A | M56: =VLOOKUP(D56,Performance!A:H,8,0) -> #N/A | N56: =VLOOKUP(D56,Performance!A:J,10,0) -> #N/A | O56: =VLOOKUP(D56,Performance!A:K,11,0) -> #N/A | P56: =VLOOKUP(D56,Performance!A:L,12,0) -> #N/A | Q56: =VLOOKUP(D56,Performance!A:M,13,0) -> #N/A | R56: =VLOOKUP(D56,Performance!A:N,14,0) -> #N/A | S56: =VLOOKUP(D56,Performance!A:O,15,0) -> #N/A | T56: =VLOOKUP(D56,performance1,16,0) -> #N/A | V56: =T56-O56 -> #N/A
A57: Diab III | B57: 5-Aug-2023 | C57: 866 | D57: Martha Refaat Agban Fakher | E57: DIAB-III ASSUIT-B | F57: =VLOOKUP(D57,Performance!A:B,2,0) -> 28 | G57: =VLOOKUP(D57,Performance!A:C,3,0) -> 0 | H57: =VLOOKUP(D57,Performance!A:D,4,0) -> 2 | I57: =VLOOKUP(D57,Performance!A:E,5,0) -> 2.5 | J57: =VLOOKUP(D57,Performance!A:F,6,0) -> 4.5 | K57: =VLOOKUP(D57,Performance!A:G,7,0) -> 15.5 | L57: =VLOOKUP(D57,Performance!A:I,9,0) -> 17 | M57: =VLOOKUP(D57,Performance!A:H,8,0) -> 0 | N57: =VLOOKUP(D57,Performance!A:J,10,0) -> 172 | O57: =VLOOKUP(D57,Performance!A:K,11,0) -> 170 | P57: =VLOOKUP(D57,Performance!A:L,12,0) -> 0.98837209 | Q57: =VLOOKUP(D57,Performance!A:M,13,0) -> 10.967742 | R57: =VLOOKUP(D57,Performance!A:N,14,0) -> 1.9294118 | S57: =VLOOKUP(D57,Performance!A:O,15,0) -> 22.127157 | T57: =VLOOKUP(D57,performance1,16,0) -> 170 | V57: =T57-O57 -> 0
A58: Diab III | B58: 46023 | C58: 2010 | D58: Rana Mohamed Hamed Fahmy | E58: DIAB-III BANISUIF | F58: =VLOOKUP(D58,Performance!A:B,2,0) -> 28 | G58: =VLOOKUP(D58,Performance!A:C,3,0) -> 0 | H58: =VLOOKUP(D58,Performance!A:D,4,0) -> 0 | I58: =VLOOKUP(D58,Performance!A:E,5,0) -> 0.5 | J58: =VLOOKUP(D58,Performance!A:F,6,0) -> 0.5 | K58: =VLOOKUP(D58,Performance!A:G,7,0) -> 19.5 | L58: =VLOOKUP(D58,Performance!A:I,9,0) -> 18 | M58: =VLOOKUP(D58,Performance!A:H,8,0) -> 1.5 | N58: =VLOOKUP(D58,Performance!A:J,10,0) -> 256 | O58: =VLOOKUP(D58,Performance!A:K,11,0) -> 131 | P58: =VLOOKUP(D58,Performance!A:L,12,0) -> 0.51171875 | Q58: =VLOOKUP(D58,Performance!A:M,13,0) -> 7.5384615 | R58: =VLOOKUP(D58,Performance!A:N,14,0) -> 0.80272109 | S58: =VLOOKUP(D58,Performance!A:O,15,0) -> 3.8502268 | T58: =VLOOKUP(D58,performance1,16,0) -> 147 | V58: =T58-O58 -> 16
A59: Diab III | B59: 18-Jul-2020 | C59: 187 | D59: Sandy Nabil Faiq Bashy | E59: DIAB-III FAYOUM | F59: =VLOOKUP(D59,Performance!A:B,2,0) -> 28 | G59: =VLOOKUP(D59,Performance!A:C,3,0) -> 0 | H59: =VLOOKUP(D59,Performance!A:D,4,0) -> 2 | I59: =VLOOKUP(D59,Performance!A:E,5,0) -> 1.5 | J59: =VLOOKUP(D59,Performance!A:F,6,0) -> 3.5 | K59: =VLOOKUP(D59,Performance!A:G,7,0) -> 16.5 | L59: =VLOOKUP(D59,Performance!A:I,9,0) -> 17 | M59: =VLOOKUP(D59,Performance!A:H,8,0) -> 0 | N59: =VLOOKUP(D59,Performance!A:J,10,0) -> 184 | O59: =VLOOKUP(D59,Performance!A:K,11,0) -> 161 | P59: =VLOOKUP(D59,Performance!A:L,12,0) -> 0.875 | Q59: =VLOOKUP(D59,Performance!A:M,13,0) -> 9.7575758 | R59: =VLOOKUP(D59,Performance!A:N,14,0) -> 0 | S59: =VLOOKUP(D59,Performance!A:O,15,0) -> 8.6108696 | T59: =VLOOKUP(D59,performance1,16,0) -> 161 | V59: =T59-O59 -> 0
A60: Diab III | D60: Vacant_Upper Egypt B | E60: DIAB-III DM UE B | F60: =VLOOKUP(D60,Performance!A:B,2,0) -> #N/A | G60: =VLOOKUP(D60,Performance!A:C,3,0) -> #N/A | H60: =VLOOKUP(D60,Performance!A:D,4,0) -> #N/A | I60: =VLOOKUP(D60,Performance!A:E,5,0) -> #N/A | J60: =VLOOKUP(D60,Performance!A:F,6,0) -> #N/A | K60: =VLOOKUP(D60,Performance!A:G,7,0) -> #N/A | L60: =VLOOKUP(D60,Performance!A:I,9,0) -> #N/A | M60: =VLOOKUP(D60,Performance!A:H,8,0) -> #N/A | N60: =SUM(N55,N57,N59) -> 548 | O60: =SUM(O55,O57,O59) -> 500 | P60: =O60/N60 -> 0.91240876 | Q60: =AVERAGE(Q55,Q57,Q59) -> 10.322581 | R60: =AVERAGE(R55,R57,R59) -> 0.98041536 | S60: =AVERAGE(S55,S57,S59) -> 16.785391 | T60: =SUM(T55,T57,T59) -> 500
A61: Diab III | B61: 16-Aug-2025 | C61: 1764 | D61: Katreen Safwat Shoukry AbdelShahid | E61: DIAB-III SOHAG I-A | F61: =VLOOKUP(D61,Performance!A:B,2,0) -> 28 | G61: =VLOOKUP(D61,Performance!A:C,3,0) -> 0 | H61: =VLOOKUP(D61,Performance!A:D,4,0) -> 0 | I61: =VLOOKUP(D61,Performance!A:E,5,0) -> 1.5 | J61: =VLOOKUP(D61,Performance!A:F,6,0) -> 1.5 | K61: =VLOOKUP(D61,Performance!A:G,7,0) -> 18.5 | L61: =VLOOKUP(D61,Performance!A:I,9,0) -> 17 | M61: =VLOOKUP(D61,Performance!A:H,8,0) -> 1.5 | N61: =VLOOKUP(D61,Performance!A:J,10,0) -> 201 | O61: =VLOOKUP(D61,Performance!A:K,11,0) -> 172 | P61: =VLOOKUP(D61,Performance!A:L,12,0) -> 0.85572139 | Q61: =VLOOKUP(D61,Performance!A:M,13,0) -> 9.3513514 | R61: =VLOOKUP(D61,Performance!A:N,14,0) -> 0 | S61: =VLOOKUP(D61,Performance!A:O,15,0) -> 49.776686 | T61: =VLOOKUP(D61,performance1,16,0) -> 173 | V61: =T61-O61 -> 1
A62: Diab III | B62: 46060 | C62: 2130 | D62: Mina Onsy Samy Mglea | E62: DIAB-III SOHAG I-B | F62: =VLOOKUP(D62,Performance!A:B,2,0) -> 28 | G62: =VLOOKUP(D62,Performance!A:C,3,0) -> 0 | H62: =VLOOKUP(D62,Performance!A:D,4,0) -> 0 | I62: =VLOOKUP(D62,Performance!A:E,5,0) -> 0 | J62: =VLOOKUP(D62,Performance!A:F,6,0) -> 0 | K62: =VLOOKUP(D62,Performance!A:G,7,0) -> 20 | L62: =VLOOKUP(D62,Performance!A:I,9,0) -> 5 | M62: =VLOOKUP(D62,Performance!A:H,8,0) -> 15 | N62: =VLOOKUP(D62,Performance!A:J,10,0) -> 194 | O62: =VLOOKUP(D62,Performance!A:K,11,0) -> 34 | P62: =VLOOKUP(D62,Performance!A:L,12,0) -> 0.17525773 | Q62: =VLOOKUP(D62,Performance!A:M,13,0) -> 1.75 | R62: =VLOOKUP(D62,Performance!A:N,14,0) -> 0 | S62: =VLOOKUP(D62,Performance!A:O,15,0) -> 5.4361905 | T62: =VLOOKUP(D62,performance1,16,0) -> 35 | V62: =T62-O62 -> 1
A63: Diab III | B63: 1-Jan-2024 | C63: 974 | D63: Ereen Maher Botros Abdullah | E63: DIAB-III QENA-A | F63: =VLOOKUP(D63,Performance!A:B,2,0) -> 28 | G63: =VLOOKUP(D63,Performance!A:C,3,0) -> 0 | H63: =VLOOKUP(D63,Performance!A:D,4,0) -> 0 | I63: =VLOOKUP(D63,Performance!A:E,5,0) -> 0.5 | J63: =VLOOKUP(D63,Performance!A:F,6,0) -> 0.5 | K63: =VLOOKUP(D63,Performance!A:G,7,0) -> 19.5 | L63: =VLOOKUP(D63,Performance!A:I,9,0) -> 20 | M63: =VLOOKUP(D63,Performance!A:H,8,0) -> 0 | N63: =VLOOKUP(D63,Performance!A:J,10,0) -> 204 | O63: =VLOOKUP(D63,Performance!A:K,11,0) -> 172 | P63: =VLOOKUP(D63,Performance!A:L,12,0) -> 0.84313725 | Q63: =VLOOKUP(D63,Performance!A:M,13,0) -> 8.8205128 | R63: =VLOOKUP(D63,Performance!A:N,14,0) -> 0.0058139535 | S63: =VLOOKUP(D63,Performance!A:O,15,0) -> 32.028391 | T63: =VLOOKUP(D63,performance1,16,0) -> 172 | V63: =T63-O63 -> 0
A64: Diab III | B64: 46025 | C64: 2022 | D64: Aya Mohamed Salah AbuElLail | E64: DIAB-III QENA-B | F64: =VLOOKUP(D64,Performance!A:B,2,0) -> 28 | G64: =VLOOKUP(D64,Performance!A:C,3,0) -> 0 | H64: =VLOOKUP(D64,Performance!A:D,4,0) -> 0 | I64: =VLOOKUP(D64,Performance!A:E,5,0) -> 1.5 | J64: =VLOOKUP(D64,Performance!A:F,6,0) -> 1.5 | K64: =VLOOKUP(D64,Performance!A:G,7,0) -> 18.5 | L64: =VLOOKUP(D64,Performance!A:I,9,0) -> 16 | M64: =VLOOKUP(D64,Performance!A:H,8,0) -> 2.5 | N64: =VLOOKUP(D64,Performance!A:J,10,0) -> 201 | O64: =VLOOKUP(D64,Performance!A:K,11,0) -> 122 | P64: =VLOOKUP(D64,Performance!A:L,12,0) -> 0.60696517 | Q64: =VLOOKUP(D64,Performance!A:M,13,0) -> 6.5945946 | R64: =VLOOKUP(D64,Performance!A:N,14,0) -> 0.016393443 | S64: =VLOOKUP(D64,Performance!A:O,15,0) -> 9.6163934 | T64: =VLOOKUP(D64,performance1,16,0) -> 122 | V64: =T64-O64 -> 0
A65: Diab III | B65: 1-Jan-2024 | C65: 975 | D65: Amany Youssef Ismail Aly | E65: DIAB-III ASWAN | F65: =VLOOKUP(D65,Performance!A:B,2,0) -> 28 | G65: =VLOOKUP(D65,Performance!A:C,3,0) -> 0 | H65: =VLOOKUP(D65,Performance!A:D,4,0) -> 0 | I65: =VLOOKUP(D65,Performance!A:E,5,0) -> 2 | J65: =VLOOKUP(D65,Performance!A:F,6,0) -> 2 | K65: =VLOOKUP(D65,Performance!A:G,7,0) -> 18 | L65: =VLOOKUP(D65,Performance!A:I,9,0) -> 17 | M65: =VLOOKUP(D65,Performance!A:H,8,0) -> 1 | N65: =VLOOKUP(D65,Performance!A:J,10,0) -> 210 | O65: =VLOOKUP(D65,Performance!A:K,11,0) -> 157 | P65: =VLOOKUP(D65,Performance!A:L,12,0) -> 0.74761905 | Q65: =VLOOKUP(D65,Performance!A:M,13,0) -> 8.7222222 | R65: =VLOOKUP(D65,Performance!A:N,14,0) -> 1.4585987 | S65: =VLOOKUP(D65,Performance!A:O,15,0) -> 20.741507 | T65: =VLOOKUP(D65,performance1,16,0) -> 157 | V65: =T65-O65 -> 0
A66: Diab III | B66: 44047 | C66: 210 | D66: Youstina Samy Eissa Bekhit | E66: DIAB-III DM UE A | F66: =VLOOKUP(D66,Performance!A:B,2,0) -> 28 | G66: =VLOOKUP(D66,Performance!A:C,3,0) -> 0 | H66: =VLOOKUP(D66,Performance!A:D,4,0) -> 0 | I66: =VLOOKUP(D66,Performance!A:E,5,0) -> 0 | J66: =VLOOKUP(D66,Performance!A:F,6,0) -> 0 | K66: =VLOOKUP(D66,Performance!A:G,7,0) -> 20 | L66: =VLOOKUP(D66,Performance!A:I,9,0) -> 12 | M66: =VLOOKUP(D66,Performance!A:H,8,0) -> 8 | N66: =SUM(N61,N65) -> 411 | O66: =SUM(O61,O65) -> 329 | P66: =O66/N66 -> 0.80048662 | Q66: =AVERAGE(Q61,Q65) -> 9.0367868 | R66: =AVERAGE(R61,R65) -> 0.72929936 | S66: =AVERAGE(S61,S65) -> 35.259097 | T66: =SUM(T61,T65) -> 330
A67: Diab III | B67: 25-Jul-2020 | C67: 199 | D67: Mahmoud Abdel Aziz El-Sayed Mohamed | E67: National Sales Manager | F67: =VLOOKUP(D67,Performance!A:B,2,0) -> 28 | G67: =VLOOKUP(D67,Performance!A:C,3,0) -> 0 | H67: =VLOOKUP(D67,Performance!A:D,4,0) -> 0 | I67: =VLOOKUP(D67,Performance!A:E,5,0) -> 0 | J67: =VLOOKUP(D67,Performance!A:F,6,0) -> 0 | K67: =VLOOKUP(D67,Performance!A:G,7,0) -> 20 | L67: =VLOOKUP(D67,Performance!A:I,9,0) -> 6 | M67: =VLOOKUP(D67,Performance!A:H,8,0) -> 14 | N67: =SUM(N66,N60,N53,N46,N37,N29,N20,N11) -> 4194 | O67: =SUM(O66,O60,O53,O46,O37,O29,O20,O11) -> 3388 | P67: =O67/N67 -> 0.8078207 | Q67: =AVERAGE(Q66,Q60,Q53,Q46,Q37,Q29,Q20,Q11) -> 8.0492238 | R67: =AVERAGE(R66,R60,R53,R46,R37,R29,R20,R11) -> 0.47451575 | S67: =AVERAGE(S66,S60,S53,S46,S37,S29,S20,S11) -> 17.534122 | T67: =SUM(T66,T60,T53,T46,T37,T29,T20,T11) -> 2654

Sheet Performance
A1: Employee Name | B1: Calendar Days | C1: Holidays | D1: Leave Days | E1: Activity Days | F1: NFA Days | G1: Supposed Visit Days | H1: Missing Working Days | I1: All Visit Days | J1: Target Visits | K1: Target Visits Done | L1: Target Visits Achievement % | M1: Average Daily Visits (Supposed Visit Days) | N1: Calls per Visit | O1: Average Visit Duration | P1: Actual Visits
A2: AbdelMoneim Sayed AbdelMoneim Sayed Darwish | B2: 28 | C2: 0 | D2: 1 | E2: 2 | F2: 3 | G2: 17 | H2: 0 | I2: 18 | J2: 173 | K2: 169 | L2: 0.97687861 | M2: 9.9411765 | N2: 0 | O2: 3.462426 | P2: 169
A3: Ahmed Adel Hosny Hassan | B3: 28 | C3: 0 | D3: 0 | E3: 0 | F3: 0 | G3: 20 | H3: 7 | I3: 13 | J3: 49 | K3: 15 | L3: 0.30612245 | M3: 1.35 | N3: 0 | O3: 8.2759259 | P3: 27
A4: Ahmed Nasr AbdelGhany Mohamed | B4: 28 | C4: 0 | D4: 0 | E4: 0 | F4: 0 | G4: 20 | H4: 18 | I4: 2 | J4: 0 | K4: 0 | L4: 0 | M4: 0 | N4: 0 | O4: 0 | P4: 0
A5: Alaa Aly Aly Abu El-Enein | B5: 28 | C5: 0 | D5: 0 | E5: 0 | F5: 0 | G5: 20 | H5: 2 | I5: 18 | J5: 184 | K5: 157 | L5: 0.85326087 | M5: 7.9 | N5: 0 | O5: 15.115084 | P5: 158
A6: Amany Youssef Ismail Aly | B6: 28 | C6: 0 | D6: 0 | E6: 2 | F6: 2 | G6: 18 | H6: 1 | I6: 17 | J6: 210 | K6: 157 | L6: 0.74761905 | M6: 8.7222222 | N6: 1.4585987 | O6: 20.741507 | P6: 157
A7: Amin Ibrahim Mohamed Amin | B7: 28 | C7: 0 | D7: 0 | E7: 0 | F7: 0 | G7: 20 | H7: 19 | I7: 1 | J7: 168 | K7: 5 | L7: 0.029761905 | M7: 0.3 | N7: 0.33333333 | O7: 3.6527778 | P7: 6
A8: Anas Mohamed ElSayed Ibrahim Salem | B8: 28 | C8: 0 | D8: 0 | E8: 0 | F8: 0 | G8: 20 | H8: 6 | I8: 14 | J8: 187 | K8: 110 | L8: 0.58823529 | M8: 6.55 | N8: 1.9160305 | O8: 5.3447837 | P8: 131
A9: Asmaa ElBel Zanaty Hussein Aly | B9: 28 | C9: 0 | D9: 0 | E9: 1 | F9: 1 | G9: 19 | H9: 2 | I9: 17 | J9: 253 | K9: 131 | L9: 0.51778656 | M9: 6.8947368 | N9: 0 | O9: 16.027099 | P9: 131
A10: Aya Aref Hussein AbdelHalim | B10: 28 | C10: 0 | D10: 0 | E10: 1 | F10: 1 | G10: 19 | H10: 19 | I10: 0 | J10: 220 | K10: 0 | L10: 0 | M10: 0 | N10: 0 | O10: 0 | P10: 0
A11: Aya Mohamed ElMetwaly ElSayed Aly Nabet | B11: 0 | C11: 0 | D11: 0 | E11: 0 | F11: 0 | G11: 0 | H11: 0 | I11: 6 | J11: 0 | K11: 0 | L11: 0 | M11: 0 | N11: 0 | O11: 0 | P11: 0
A12: Aya Mohamed Salah AbuElLail | B12: 28 | C12: 0 | D12: 0 | E12: 1.5 | F12: 1.5 | G12: 18.5 | H12: 2.5 | I12: 16 | J12: 201 | K12: 122 | L12: 0.60696517 | M12: 6.5945946 | N12: 0.016393443 | O12: 9.6163934 | P12: 122
A13: Donia Mahmoud Mohamed Ahmed Mowafy | B13: 28 | C13: 0 | D13: 0 | E13: 0 | F13: 0 | G13: 20 | H13: 2 | I13: 18 | J13: 156 | K13: 169 | L13: 1.0833333 | M13: 8.45 | N13: 1.7692308 | O13: 5.2704142 | P13: 169
... A78: Zeinab Serry AbdelSamie Ammar | B78: 28 | C78: 0 | D78: 1 | E78: 1 | F78: 2 | G78: 18 | H78: 1 | I78: 17 | J78: 159 | K78: 137 | L78: 0.86163522 | M78: 8.6111111 | N78: 0 | O78: 12.290968 | P78: 155
